Position,Name + ID,Name,ID,Roster Position,Salary,Game Info,TeamAbbrev,AvgPointsPerGame
SP,Jacob Misiorowski (43205461),Jacob Misiorowski,43205461,P,12000,SF@MIL 06/03/2026 07:40PM ET,MIL,28.05
SP,Shohei Ohtani (43205042),Shohei Ohtani,43205042,P,11000,LAD@ARI 06/03/2026 09:40PM ET,LAD,9.38
SP,Cam Schlittler (43205462),Cam Schlittler,43205462,P,10700,CLE@NYY 06/03/2026 07:05PM ET,NYY,22.74
SP,Paul Skenes (43205043),Paul Skenes,43205043,P,10500,PIT@HOU 06/03/2026 08:10PM ET,PIT,20.03
SP,Chris Sale (43205463),Chris Sale,43205463,P,10300,TOR@ATL 06/03/2026 07:15PM ET,ATL,24.67
SP,Tyler Glasnow (43205464),Tyler Glasnow,43205464,P,10200,LAD@ARI 06/03/2026 09:40PM ET,LAD,22.21
SP,Yoshinobu Yamamoto (43205465),Yoshinobu Yamamoto,43205465,P,10200,LAD@ARI 06/03/2026 09:40PM ET,LAD,20.62
SP,Chase Burns (43205044),Chase Burns,43205044,P,10000,KC@CIN 06/03/2026 07:10PM ET,CIN,22.87
SP,Hunter Brown (43205466),Hunter Brown,43205466,P,10000,PIT@HOU 06/03/2026 08:10PM ET,HOU,26.7
RP,Spencer Strider (43205467),Spencer Strider,43205467,P,9800,TOR@ATL 06/03/2026 07:15PM ET,ATL,18.72
RP,Kyle Harrison (43205468),Kyle Harrison,43205468,P,9700,SF@MIL 06/03/2026 07:40PM ET,MIL,22.34
SP,Logan Henderson (43205469),Logan Henderson,43205469,P,9700,SF@MIL 06/03/2026 07:40PM ET,MIL,18.27
SP,Dylan Cease (43205470),Dylan Cease,43205470,P,9600,TOR@ATL 06/03/2026 07:15PM ET,TOR,22.43
SP,Trey Yesavage (43205471),Trey Yesavage,43205471,P,9600,TOR@ATL 06/03/2026 07:15PM ET,TOR,17.84
SP,Gerrit Cole (43205045),Gerrit Cole,43205045,P,9500,CLE@NYY 06/03/2026 07:05PM ET,NYY,25.55
RP,Ryan Weathers (43205472),Ryan Weathers,43205472,P,9500,CLE@NYY 06/03/2026 07:05PM ET,NYY,18.93
SP,Max Fried (43205473),Max Fried,43205473,P,9500,CLE@NYY 06/03/2026 07:05PM ET,NYY,17.24
SP,Corbin Burnes (43205478),Corbin Burnes,43205478,P,9300,LAD@ARI 06/03/2026 09:40PM ET,ARI,0
SP,Spencer Schwellenbach (43205476),Spencer Schwellenbach,43205476,P,9300,TOR@ATL 06/03/2026 07:15PM ET,ATL,0
SP,Jose Soriano (43205474),Jose Soriano,43205474,P,9300,COL@LAA 06/03/2026 09:38PM ET,LAA,20.15
SP,Jacob deGrom (43205475),Jacob deGrom,43205475,P,9300,TEX@STL 06/03/2026 07:45PM ET,TEX,19.04
SP,Nathan Eovaldi (43205477),Nathan Eovaldi,43205477,P,9300,TEX@STL 06/03/2026 07:45PM ET,TEX,17.63
SP,Blake Snell (43205479),Blake Snell,43205479,P,9200,LAD@ARI 06/03/2026 09:40PM ET,LAD,3.95
SP,Hunter Greene (43205480),Hunter Greene,43205480,P,9000,KC@CIN 06/03/2026 07:10PM ET,CIN,0
SP,Spencer Arrighetti (43205046),Spencer Arrighetti,43205046,P,9000,PIT@HOU 06/03/2026 08:10PM ET,HOU,21.14
SP,Cole Ragans (43205483),Cole Ragans,43205483,P,8700,KC@CIN 06/03/2026 07:10PM ET,KC,13.19
SP,Kris Bubic (43205484),Kris Bubic,43205484,P,8700,KC@CIN 06/03/2026 07:10PM ET,KC,15.94
SP,Justin Steele (43205481),Justin Steele,43205481,P,8700,ATH@CHC 06/03/2026 08:05PM ET,CHC,0
SP,Shota Imanaga (43205482),Shota Imanaga,43205482,P,8700,ATH@CHC 06/03/2026 08:05PM ET,CHC,16.22
SP,Kevin Gausman (43205485),Kevin Gausman,43205485,P,8600,TOR@ATL 06/03/2026 07:15PM ET,TOR,17.26
RP,Braxton Ashcraft (43205487),Braxton Ashcraft,43205487,P,8500,PIT@HOU 06/03/2026 08:10PM ET,PIT,21.23
SP,Jared Jones (43205493),Jared Jones,43205493,P,8500,PIT@HOU 06/03/2026 08:10PM ET,PIT,6.35
SP,Brandon Woodruff (43205488),Brandon Woodruff,43205488,P,8500,SF@MIL 06/03/2026 07:40PM ET,MIL,13.72
SP,Chad Patrick (43205491),Chad Patrick,43205491,P,8500,SF@MIL 06/03/2026 07:40PM ET,MIL,8.89
SP,Gavin Williams (43205047),Gavin Williams,43205047,P,8500,CLE@NYY 06/03/2026 07:05PM ET,CLE,23.11
SP,Parker Messick (43205486),Parker Messick,43205486,P,8500,CLE@NYY 06/03/2026 07:05PM ET,CLE,20.75
SP,Carlos Rodon (43205489),Carlos Rodon,43205489,P,8500,CLE@NYY 06/03/2026 07:05PM ET,NYY,14.29
SP,Will Warren (43205490),Will Warren,43205490,P,8500,CLE@NYY 06/03/2026 07:05PM ET,NYY,18.33
SP,Clarke Schmidt (43205492),Clarke Schmidt,43205492,P,8500,CLE@NYY 06/03/2026 07:05PM ET,NYY,0
SP,Ryne Nelson (43205497),Ryne Nelson,43205497,P,8300,LAD@ARI 06/03/2026 09:40PM ET,ARI,11.75
SP,Merrill Kelly (43205498),Merrill Kelly,43205498,P,8300,LAD@ARI 06/03/2026 09:40PM ET,ARI,11.23
RP,AJ Smith-Shawver (43205494),AJ Smith-Shawver,43205494,P,8300,TOR@ATL 06/03/2026 07:15PM ET,ATL,0
SP,Hurston Waldrep (43205495),Hurston Waldrep,43205495,P,8300,TOR@ATL 06/03/2026 07:15PM ET,ATL,0
SP,Bryce Elder (43205496),Bryce Elder,43205496,P,8300,TOR@ATL 06/03/2026 07:15PM ET,ATL,17.91
SP,Reid Detmers (43205499),Reid Detmers,43205499,P,8300,COL@LAA 06/03/2026 09:38PM ET,LAA,16.83
SP,MacKenzie Gore (43205048),MacKenzie Gore,43205048,P,8300,TEX@STL 06/03/2026 07:45PM ET,TEX,15.42
SP,Michael Wacha (43205500),Michael Wacha,43205500,P,8200,KC@CIN 06/03/2026 07:10PM ET,KC,17.44
SP,Ronel Blanco (43205503),Ronel Blanco,43205503,P,8000,PIT@HOU 06/03/2026 08:10PM ET,HOU,0
SP,Peter Lambert (43205504),Peter Lambert,43205504,P,8000,PIT@HOU 06/03/2026 08:10PM ET,HOU,16.32
SP,Logan Webb (43205049),Logan Webb,43205049,P,8000,SF@MIL 06/03/2026 07:40PM ET,SF,12.84
SP,Robbie Ray (43205501),Robbie Ray,43205501,P,8000,SF@MIL 06/03/2026 07:40PM ET,SF,13.02
RP,Landen Roupp (43205502),Landen Roupp,43205502,P,8000,SF@MIL 06/03/2026 07:40PM ET,SF,16.37
RP,Trevor McDonald (43205505),Trevor McDonald,43205505,P,8000,SF@MIL 06/03/2026 07:40PM ET,SF,14.35
SP,Eduardo Rodriguez (43205508),Eduardo Rodriguez,43205508,P,7800,LAD@ARI 06/03/2026 09:40PM ET,ARI,16.60
SP,Michael Soroka (43205509),Michael Soroka,43205509,P,7800,LAD@ARI 06/03/2026 09:40PM ET,ARI,17.36
RP,Jacob Latz (43205506),Jacob Latz,43205506,P,7800,TEX@STL 06/03/2026 07:45PM ET,TEX,4.32
SP,Jack Leiter (43205507),Jack Leiter,43205507,P,7800,TEX@STL 06/03/2026 07:45PM ET,TEX,15.89
SP,Stephen Kolek (43205050),Stephen Kolek,43205050,P,7700,KC@CIN 06/03/2026 07:10PM ET,KC,16.55
RP,Seth Lugo (43205512),Seth Lugo,43205512,P,7700,KC@CIN 06/03/2026 07:10PM ET,KC,14.46
SP,Noah Cameron (43205514),Noah Cameron,43205514,P,7700,KC@CIN 06/03/2026 07:10PM ET,KC,13.93
RP,Ben Brown (43205510),Ben Brown,43205510,P,7700,ATH@CHC 06/03/2026 08:05PM ET,CHC,10.52
SP,Edward Cabrera (43205511),Edward Cabrera,43205511,P,7700,ATH@CHC 06/03/2026 08:05PM ET,CHC,13.51
SP,Matthew Boyd (43205513),Matthew Boyd,43205513,P,7700,ATH@CHC 06/03/2026 08:05PM ET,CHC,14.68
RP,Jose Berrios (43205515),Jose Berrios,43205515,P,7600,TOR@ATL 06/03/2026 07:15PM ET,TOR,0
SP,Shane Bieber (43205516),Shane Bieber,43205516,P,7600,TOR@ATL 06/03/2026 07:15PM ET,TOR,0
SP,Emmet Sheehan (43205518),Emmet Sheehan,43205518,P,7500,LAD@ARI 06/03/2026 09:40PM ET,LAD,15.14
SP,Roki Sasaki (43205520),Roki Sasaki,43205520,P,7500,LAD@ARI 06/03/2026 09:40PM ET,LAD,13.10
SP,Justin Wrobleski (43205521),Justin Wrobleski,43205521,P,7500,LAD@ARI 06/03/2026 09:40PM ET,LAD,17
SP,Brandon Walter (43205522),Brandon Walter,43205522,P,7500,PIT@HOU 06/03/2026 08:10PM ET,HOU,0
SP,Mike Burrows (43205523),Mike Burrows,43205523,P,7500,PIT@HOU 06/03/2026 08:10PM ET,HOU,10.75
RP,Kai-Wei Teng (43205524),Kai-Wei Teng,43205524,P,7500,PIT@HOU 06/03/2026 08:10PM ET,HOU,7.76
SP,Lance McCullers Jr. (43205526),Lance McCullers Jr.,43205526,P,7500,PIT@HOU 06/03/2026 08:10PM ET,HOU,10.74
RP,Jason Alexander (43205528),Jason Alexander,43205528,P,7500,PIT@HOU 06/03/2026 08:10PM ET,HOU,4.31
SP,Mitch Keller (43205530),Mitch Keller,43205530,P,7500,PIT@HOU 06/03/2026 08:10PM ET,PIT,13.33
RP,J.T. Ginn (43205517),J.T. Ginn,43205517,P,7500,ATH@CHC 06/03/2026 08:05PM ET,ATH,13.24
RP,Joey Cantillo (43205519),Joey Cantillo,43205519,P,7500,CLE@NYY 06/03/2026 07:05PM ET,CLE,12.07
SP,Logan Allen (43205525),Logan Allen,43205525,P,7500,CLE@NYY 06/03/2026 07:05PM ET,CLE,19.4
SP,Tanner Bibee (43205527),Tanner Bibee,43205527,P,7500,CLE@NYY 06/03/2026 07:05PM ET,CLE,11.59
SP,Slade Cecconi (43205529),Slade Cecconi,43205529,P,7500,CLE@NYY 06/03/2026 07:05PM ET,CLE,10.15
SP,Walbert Urena (43205051),Walbert Urena,43205051,P,7300,COL@LAA 06/03/2026 09:38PM ET,LAA,12.80
RP,Yusei Kikuchi (43205531),Yusei Kikuchi,43205531,P,7300,COL@LAA 06/03/2026 09:38PM ET,LAA,9.39
RP,Mitch Farris (43205532),Mitch Farris,43205532,P,7300,COL@LAA 06/03/2026 09:38PM ET,LAA,5.96
SP,Chase Silseth (43205533),Chase Silseth,43205533,P,7300,COL@LAA 06/03/2026 09:38PM ET,LAA,2.58
SP,Grayson Rodriguez (43205534),Grayson Rodriguez,43205534,P,7300,COL@LAA 06/03/2026 09:38PM ET,LAA,5.38
SP,Grant Holmes (43205052),Grant Holmes,43205052,P,7000,TOR@ATL 06/03/2026 07:15PM ET,ATL,13.70
RP,Reynaldo Lopez (43205535),Reynaldo Lopez,43205535,P,7000,TOR@ATL 06/03/2026 07:15PM ET,ATL,7.28
SP,JR Ritchie (43205536),JR Ritchie,43205536,P,7000,TOR@ATL 06/03/2026 07:15PM ET,ATL,10.23
RP,Martin Perez (43205537),Martin Perez,43205537,P,7000,TOR@ATL 06/03/2026 07:15PM ET,ATL,12.17
SP,Nick Lodolo (43205538),Nick Lodolo,43205538,P,7000,KC@CIN 06/03/2026 07:10PM ET,CIN,11.29
SP,Brady Singer (43205539),Brady Singer,43205539,P,7000,KC@CIN 06/03/2026 07:10PM ET,CIN,6.49
SP,Blade Tidwell (43205540),Blade Tidwell,43205540,P,7000,SF@MIL 06/03/2026 07:40PM ET,SF,3.82
SP,Keaton Winn (43205541),Keaton Winn,43205541,P,7000,SF@MIL 06/03/2026 07:40PM ET,SF,3.12
RP,Tristan Beck (43205542),Tristan Beck,43205542,P,7000,SF@MIL 06/03/2026 07:40PM ET,SF,-0.99
SP,Tyler Mahle (43205543),Tyler Mahle,43205543,P,7000,SF@MIL 06/03/2026 07:40PM ET,SF,10.66
SP,Carson Whisenhunt (43205544),Carson Whisenhunt,43205544,P,7000,SF@MIL 06/03/2026 07:40PM ET,SF,0
SP,Andre Pallante (43205053),Andre Pallante,43205053,P,6800,TEX@STL 06/03/2026 07:45PM ET,STL,12.48
SP,Kumar Rocker (43205545),Kumar Rocker,43205545,P,6800,TEX@STL 06/03/2026 07:45PM ET,TEX,12.04
RP,Kyle Leahy (43205546),Kyle Leahy,43205546,P,6800,TEX@STL 06/03/2026 07:45PM ET,STL,11.80
SP,Dustin May (43205547),Dustin May,43205547,P,6800,TEX@STL 06/03/2026 07:45PM ET,STL,13.28
SP,Michael McGreevy (43205548),Michael McGreevy,43205548,P,6800,TEX@STL 06/03/2026 07:45PM ET,STL,13.45
RP,Matthew Liberatore (43205549),Matthew Liberatore,43205549,P,6800,TEX@STL 06/03/2026 07:45PM ET,STL,12.48
SP,Richard Fitts (43205550),Richard Fitts,43205550,P,6800,TEX@STL 06/03/2026 07:45PM ET,STL,0
SP,Cade Horton (43205551),Cade Horton,43205551,P,6700,ATH@CHC 06/03/2026 08:05PM ET,CHC,10.45
SP,Jameson Taillon (43205552),Jameson Taillon,43205552,P,6700,ATH@CHC 06/03/2026 08:05PM ET,CHC,12.03
SP,Cody Ponce (43205553),Cody Ponce,43205553,P,6600,TOR@ATL 06/03/2026 07:15PM ET,TOR,8.05
SP,Max Scherzer (43205554),Max Scherzer,43205554,P,6600,TOR@ATL 06/03/2026 07:15PM ET,TOR,1.48
SP,Antwone Kelly (43205562),Antwone Kelly,43205562,P,6500,PIT@HOU 06/03/2026 08:10PM ET,PIT,0
RP,Hunter Barco (43205563),Hunter Barco,43205563,P,6500,PIT@HOU 06/03/2026 08:10PM ET,PIT,1.45
SP,Jose Urquidy (43205564),Jose Urquidy,43205564,P,6500,PIT@HOU 06/03/2026 08:10PM ET,PIT,0.81
SP,Thomas Harrington (43205565),Thomas Harrington,43205565,P,6500,PIT@HOU 06/03/2026 08:10PM ET,PIT,0
SP,Bubba Chandler (43205566),Bubba Chandler,43205566,P,6500,PIT@HOU 06/03/2026 08:10PM ET,PIT,10.84
RP,Wilber Dotel (43205572),Wilber Dotel,43205572,P,6500,PIT@HOU 06/03/2026 08:10PM ET,PIT,9.19
SP,Quinn Priester (43205555),Quinn Priester,43205555,P,6500,SF@MIL 06/03/2026 07:40PM ET,MIL,0
SP,Jeffrey Springs (43205054),Jeffrey Springs,43205054,P,6500,ATH@CHC 06/03/2026 08:05PM ET,ATH,13.89
SP,Luis Severino (43205556),Luis Severino,43205556,P,6500,ATH@CHC 06/03/2026 08:05PM ET,ATH,13.72
RP,Aaron Civale (43205561),Aaron Civale,43205561,P,6500,ATH@CHC 06/03/2026 08:05PM ET,ATH,11.04
SP,Luis Morales (43205567),Luis Morales,43205567,P,6500,ATH@CHC 06/03/2026 08:05PM ET,ATH,-4.33
RP,Jack Perkins (43205568),Jack Perkins,43205568,P,6500,ATH@CHC 06/03/2026 08:05PM ET,ATH,4.65
SP,Luis Medina (43205569),Luis Medina,43205569,P,6500,ATH@CHC 06/03/2026 08:05PM ET,ATH,4.42
SP,Gage Jump (43205570),Gage Jump,43205570,P,6500,ATH@CHC 06/03/2026 08:05PM ET,ATH,15.7
RP,Jacob Lopez (43205571),Jacob Lopez,43205571,P,6500,ATH@CHC 06/03/2026 08:05PM ET,ATH,6.18
OF,Aaron Judge (43205060),Aaron Judge,43205060,OF,6500,CLE@NYY 06/03/2026 07:05PM ET,NYY,9.71
RP,Brendan Beck (43205557),Brendan Beck,43205557,P,6500,CLE@NYY 06/03/2026 07:05PM ET,NYY,1.75
RP,Paul Blackburn (43205558),Paul Blackburn,43205558,P,6500,CLE@NYY 06/03/2026 07:05PM ET,NYY,3.48
RP,Ryan Yarbrough (43205559),Ryan Yarbrough,43205559,P,6500,CLE@NYY 06/03/2026 07:05PM ET,NYY,3.96
SP,Luis Gil (43205560),Luis Gil,43205560,P,6500,CLE@NYY 06/03/2026 07:05PM ET,NYY,5.52
SP,Yilber Diaz (43205576),Yilber Diaz,43205576,P,6300,LAD@ARI 06/03/2026 09:40PM ET,ARI,0
SP,Brandon Pfaadt (43205577),Brandon Pfaadt,43205577,P,6300,LAD@ARI 06/03/2026 09:40PM ET,ARI,5.07
RP,Ryan Johnson (43205578),Ryan Johnson,43205578,P,6300,COL@LAA 06/03/2026 09:38PM ET,LAA,-3.11
SP,Caden Dana (43205579),Caden Dana,43205579,P,6300,COL@LAA 06/03/2026 09:38PM ET,LAA,0
RP,Sam Aldegheri (43205580),Sam Aldegheri,43205580,P,6300,COL@LAA 06/03/2026 09:38PM ET,LAA,9.25
SP,George Klassen (43205581),George Klassen,43205581,P,6300,COL@LAA 06/03/2026 09:38PM ET,LAA,0.15
SP,Jack Kochanowicz (43205582),Jack Kochanowicz,43205582,P,6300,COL@LAA 06/03/2026 09:38PM ET,LAA,9.15
SP,Jordan Montgomery (43205573),Jordan Montgomery,43205573,P,6300,TEX@STL 06/03/2026 07:45PM ET,TEX,0
RP,Cody Bradford (43205574),Cody Bradford,43205574,P,6300,TEX@STL 06/03/2026 07:45PM ET,TEX,0
RP,Cal Quantrill (43205575),Cal Quantrill,43205575,P,6300,TEX@STL 06/03/2026 07:45PM ET,TEX,6.06
1B/C,Ben Rice (43205061),Ben Rice,43205061,C/1B,6300,CLE@NYY 06/03/2026 07:05PM ET,NYY,10.76
RP,Ryan Bergert (43205583),Ryan Bergert,43205583,P,6200,KC@CIN 06/03/2026 07:10PM ET,KC,0
OF,Mike Trout (43205063),Mike Trout,43205063,OF,6200,COL@LAA 06/03/2026 09:38PM ET,LAA,9.43
SP,Colin Rea (43205055),Colin Rea,43205055,P,6200,ATH@CHC 06/03/2026 08:05PM ET,CHC,11.59
OF,Oneil Cruz (43205064),Oneil Cruz,43205064,OF,6100,PIT@HOU 06/03/2026 08:10PM ET,PIT,10.59
SP,Patrick Corbin (43205056),Patrick Corbin,43205056,P,6000,TOR@ATL 06/03/2026 07:15PM ET,TOR,10.84
SP,Ricky Tiedemann (43205611),Ricky Tiedemann,43205611,P,6000,TOR@ATL 06/03/2026 07:15PM ET,TOR,0
SP,Jake Bloss (43205612),Jake Bloss,43205612,P,6000,TOR@ATL 06/03/2026 07:15PM ET,TOR,0
SP,Yariel Rodriguez (43205613),Yariel Rodriguez,43205613,P,6000,TOR@ATL 06/03/2026 07:15PM ET,TOR,1.09
RP,Mason Fluharty (43205614),Mason Fluharty,43205614,P,6000,TOR@ATL 06/03/2026 07:15PM ET,TOR,2.62
RP,Spencer Miles (43205615),Spencer Miles,43205615,P,6000,TOR@ATL 06/03/2026 07:15PM ET,TOR,6.53
SP,Adam Macko (43205616),Adam Macko,43205616,P,6000,TOR@ATL 06/03/2026 07:15PM ET,TOR,3.58
RP,Lazaro Estrada (43205617),Lazaro Estrada,43205617,P,6000,TOR@ATL 06/03/2026 07:15PM ET,TOR,13.8
SP,Brandon Williamson (43205592),Brandon Williamson,43205592,P,6000,KC@CIN 06/03/2026 07:10PM ET,CIN,6.93
SP,Julian Aguiar (43205593),Julian Aguiar,43205593,P,6000,KC@CIN 06/03/2026 07:10PM ET,CIN,0
SP,Tony Santillan (43205594),Tony Santillan,43205594,P,6000,KC@CIN 06/03/2026 07:10PM ET,CIN,2.02
RP,Jose Franco (43205595),Jose Franco,43205595,P,6000,KC@CIN 06/03/2026 07:10PM ET,CIN,2.7
SP,Connor Phillips (43205596),Connor Phillips,43205596,P,6000,KC@CIN 06/03/2026 07:10PM ET,CIN,2.28
SP,Andrew Abbott (43205597),Andrew Abbott,43205597,P,6000,KC@CIN 06/03/2026 07:10PM ET,CIN,11.21
SP,Rhett Lowder (43205598),Rhett Lowder,43205598,P,6000,KC@CIN 06/03/2026 07:10PM ET,CIN,9.23
RP,Lyon Richardson (43205599),Lyon Richardson,43205599,P,6000,KC@CIN 06/03/2026 07:10PM ET,CIN,-1.62
SP,Chase Petty (43205600),Chase Petty,43205600,P,6000,KC@CIN 06/03/2026 07:10PM ET,CIN,2.8
SP,Chris Paddack (43205601),Chris Paddack,43205601,P,6000,KC@CIN 06/03/2026 07:10PM ET,CIN,5.48
OF,Yordan Alvarez (43205065),Yordan Alvarez,43205065,OF,6000,PIT@HOU 06/03/2026 08:10PM ET,HOU,10.34
SP,Miguel Ullola (43205584),Miguel Ullola,43205584,P,6000,PIT@HOU 06/03/2026 08:10PM ET,HOU,0
RP,Nate Pearson (43205585),Nate Pearson,43205585,P,6000,PIT@HOU 06/03/2026 08:10PM ET,HOU,2.46
RP,Hayden Wesneski (43205586),Hayden Wesneski,43205586,P,6000,PIT@HOU 06/03/2026 08:10PM ET,HOU,0
SP,Cristian Javier (43205587),Cristian Javier,43205587,P,6000,PIT@HOU 06/03/2026 08:10PM ET,HOU,-3.8
SP,Colton Gordon (43205588),Colton Gordon,43205588,P,6000,PIT@HOU 06/03/2026 08:10PM ET,HOU,1
SP,Tatsuya Imai (43205589),Tatsuya Imai,43205589,P,6000,PIT@HOU 06/03/2026 08:10PM ET,HOU,9.74
RP,Ryan Weiss (43205590),Ryan Weiss,43205590,P,6000,PIT@HOU 06/03/2026 08:10PM ET,HOU,4.61
RP,AJ Blubaugh (43205591),AJ Blubaugh,43205591,P,6000,PIT@HOU 06/03/2026 08:10PM ET,HOU,3.59
SP,Ryan Feltner (43205608),Ryan Feltner,43205608,P,6000,COL@LAA 06/03/2026 09:38PM ET,COL,9.35
RP,Tanner Gordon (43205610),Tanner Gordon,43205610,P,6000,COL@LAA 06/03/2026 09:38PM ET,COL,7.32
RP,Carson Seymour (43205602),Carson Seymour,43205602,P,6000,SF@MIL 06/03/2026 07:40PM ET,SF,0
SP,Dylan Smith (43205603),Dylan Smith,43205603,P,6000,SF@MIL 06/03/2026 07:40PM ET,SF,0.9
RP,Jose Butto (43205604),Jose Butto,43205604,P,6000,SF@MIL 06/03/2026 07:40PM ET,SF,-0.5
SP,Caleb Kilian (43205605),Caleb Kilian,43205605,P,6000,SF@MIL 06/03/2026 07:40PM ET,SF,3.37
RP,Hayden Birdsong (43205606),Hayden Birdsong,43205606,P,6000,SF@MIL 06/03/2026 07:40PM ET,SF,0
SP,Adrian Houser (43205607),Adrian Houser,43205607,P,6000,SF@MIL 06/03/2026 07:40PM ET,SF,7.29
RP,JT Brubaker (43205609),JT Brubaker,43205609,P,6000,SF@MIL 06/03/2026 07:40PM ET,SF,3.50
OF,Ronald Acuna Jr. (43205066),Ronald Acuna Jr.,43205066,OF,5900,TOR@ATL 06/03/2026 07:15PM ET,ATL,9.21
SP,Zac Gallen (43205057),Zac Gallen,43205057,P,5800,LAD@ARI 06/03/2026 09:40PM ET,ARI,9.01
RP,Joey Wentz (43205618),Joey Wentz,43205618,P,5800,TOR@ATL 06/03/2026 07:15PM ET,ATL,0
RP,Victor Mederos (43205619),Victor Mederos,43205619,P,5800,TOR@ATL 06/03/2026 07:15PM ET,ATL,3.9
RP,Didier Fuentes (43205620),Didier Fuentes,43205620,P,5800,TOR@ATL 06/03/2026 07:15PM ET,ATL,6.05
SS,Bobby Witt Jr. (43205067),Bobby Witt Jr.,43205067,SS,5800,KC@CIN 06/03/2026 07:10PM ET,KC,9.30
SS,Elly De La Cruz (43205321),Elly De La Cruz,43205321,SS,5800,KC@CIN 06/03/2026 07:10PM ET,CIN,9.78
SP,Tekoah Roby (43205621),Tekoah Roby,43205621,P,5800,TEX@STL 06/03/2026 07:45PM ET,STL,0
RP,Gordon Graceffo (43205622),Gordon Graceffo,43205622,P,5800,TEX@STL 06/03/2026 07:45PM ET,STL,3.29
SP,Brycen Mautz (43205623),Brycen Mautz,43205623,P,5800,TEX@STL 06/03/2026 07:45PM ET,STL,3.15
SP,Hunter Dobbins (43205624),Hunter Dobbins,43205624,P,5800,TEX@STL 06/03/2026 07:45PM ET,STL,9.7
RP,Eric Lauer (43205627),Eric Lauer,43205627,P,5700,LAD@ARI 06/03/2026 09:40PM ET,LAD,7.68
SP,Gavin Stone (43205628),Gavin Stone,43205628,P,5700,LAD@ARI 06/03/2026 09:40PM ET,LAD,0
SP,River Ryan (43205629),River Ryan,43205629,P,5700,LAD@ARI 06/03/2026 09:40PM ET,LAD,0
SP,Bobby Miller (43205630),Bobby Miller,43205630,P,5700,LAD@ARI 06/03/2026 09:40PM ET,LAD,0
RP,Chayce McDermott (43205631),Chayce McDermott,43205631,P,5700,LAD@ARI 06/03/2026 09:40PM ET,LAD,3.65
SP,Landon Knack (43205632),Landon Knack,43205632,P,5700,LAD@ARI 06/03/2026 09:40PM ET,LAD,0
1B,Nick Kurtz (43205068),Nick Kurtz,43205068,1B,5700,ATH@CHC 06/03/2026 08:05PM ET,ATH,10.12
SP,Javier Assad (43205625),Javier Assad,43205625,P,5700,ATH@CHC 06/03/2026 08:05PM ET,CHC,5.59
SP,Jordan Wicks (43205626),Jordan Wicks,43205626,P,5700,ATH@CHC 06/03/2026 08:05PM ET,CHC,-2.38
OF,Corbin Carroll (43205069),Corbin Carroll,43205069,OF,5600,LAD@ARI 06/03/2026 09:40PM ET,ARI,9.47
OF,Andy Pages (43205070),Andy Pages,43205070,OF,5500,LAD@ARI 06/03/2026 09:40PM ET,LAD,9.34
SP,Coleman Crow (43205058),Coleman Crow,43205058,P,5500,SF@MIL 06/03/2026 07:40PM ET,MIL,9.75
2B,Brice Turang (43205071),Brice Turang,43205071,2B,5500,SF@MIL 06/03/2026 07:40PM ET,MIL,10
RP,Jake Woodford (43205633),Jake Woodford,43205633,P,5500,SF@MIL 06/03/2026 07:40PM ET,MIL,2.62
RP,Shane Drohan (43205634),Shane Drohan,43205634,P,5500,SF@MIL 06/03/2026 07:40PM ET,MIL,8.58
SP,Brandon Sproat (43205635),Brandon Sproat,43205635,P,5500,SF@MIL 06/03/2026 07:40PM ET,MIL,9.30
SP,Robert Gasser (43205636),Robert Gasser,43205636,P,5500,SF@MIL 06/03/2026 07:40PM ET,MIL,5.58
SP,Gunnar Hoglund (43205637),Gunnar Hoglund,43205637,P,5500,ATH@CHC 06/03/2026 08:05PM ET,ATH,0
SP,Joey Estes (43205638),Joey Estes,43205638,P,5500,ATH@CHC 06/03/2026 08:05PM ET,ATH,0
RP,Jose Suarez (43205639),Jose Suarez,43205639,P,5500,ATH@CHC 06/03/2026 08:05PM ET,ATH,3.65
RP,Hogan Harris (43205640),Hogan Harris,43205640,P,5500,ATH@CHC 06/03/2026 08:05PM ET,ATH,2.88
RP,Elmer Rodriguez (43205641),Elmer Rodriguez,43205641,P,5500,CLE@NYY 06/03/2026 07:05PM ET,NYY,4.35
SP,Daniel Espino (43205642),Daniel Espino,43205642,P,5500,CLE@NYY 06/03/2026 07:05PM ET,CLE,0
OF,JJ Bleday (43205073),JJ Bleday,43205073,OF,5400,KC@CIN 06/03/2026 07:10PM ET,CIN,10.25
2B,Brandon Lowe (43205072),Brandon Lowe,43205072,2B,5400,PIT@HOU 06/03/2026 08:10PM ET,PIT,9.26
2B,Ketel Marte (43205075),Ketel Marte,43205075,2B,5300,LAD@ARI 06/03/2026 09:40PM ET,ARI,8.12
C,Shea Langeliers (43205074),Shea Langeliers,43205074,C,5300,ATH@CHC 06/03/2026 08:05PM ET,ATH,9.17
1B,Matt Olson (43205077),Matt Olson,43205077,1B,5200,TOR@ATL 06/03/2026 07:15PM ET,ATL,9.62
SP,Ben Kudrna (43205643),Ben Kudrna,43205643,P,5200,KC@CIN 06/03/2026 07:10PM ET,KC,0
SP,Alec Marsh (43205644),Alec Marsh,43205644,P,5200,KC@CIN 06/03/2026 07:10PM ET,KC,0
SP,Steven Zobac (43205645),Steven Zobac,43205645,P,5200,KC@CIN 06/03/2026 07:10PM ET,KC,0
RP,Mitch Spence (43205646),Mitch Spence,43205646,P,5200,KC@CIN 06/03/2026 07:10PM ET,KC,-2.4
RP,Daniel Lynch IV (43205647),Daniel Lynch IV,43205647,P,5200,KC@CIN 06/03/2026 07:10PM ET,KC,3.72
RP,Mason Black (43205648),Mason Black,43205648,P,5200,KC@CIN 06/03/2026 07:10PM ET,KC,3.76
RP,Luinder Avila (43205649),Luinder Avila,43205649,P,5200,KC@CIN 06/03/2026 07:10PM ET,KC,5.48
OF,Jackson Chourio (43205076),Jackson Chourio,43205076,OF,5200,SF@MIL 06/03/2026 07:40PM ET,MIL,9.08
OF,Christian Yelich (43205079),Christian Yelich,43205079,OF,5100,SF@MIL 06/03/2026 07:40PM ET,MIL,9.03
3B,Jose Ramirez (43205078),Jose Ramirez,43205078,3B,5100,CLE@NYY 06/03/2026 07:05PM ET,CLE,9.03
1B,Freddie Freeman (43205081),Freddie Freeman,43205081,1B,5000,LAD@ARI 06/03/2026 09:40PM ET,LAD,8.17
SP,Michael Lorenzen (43205059),Michael Lorenzen,43205059,P,5000,COL@LAA 06/03/2026 09:38PM ET,COL,4.95
SS,Zach Neto (43205082),Zach Neto,43205082,SS,5000,COL@LAA 06/03/2026 09:38PM ET,LAA,8.68
SP,Chase Dollander (43205650),Chase Dollander,43205650,P,5000,COL@LAA 06/03/2026 09:38PM ET,COL,13.1
RP,Valente Bellozo (43205651),Valente Bellozo,43205651,P,5000,COL@LAA 06/03/2026 09:38PM ET,COL,3.73
RP,Blas Castano (43205652),Blas Castano,43205652,P,5000,COL@LAA 06/03/2026 09:38PM ET,COL,5.08
SP,McCade Brown (43205653),McCade Brown,43205653,P,5000,COL@LAA 06/03/2026 09:38PM ET,COL,0
SP,Kyle Freeland (43205654),Kyle Freeland,43205654,P,5000,COL@LAA 06/03/2026 09:38PM ET,COL,5.44
SP,Tomoyuki Sugano (43205655),Tomoyuki Sugano,43205655,P,5000,COL@LAA 06/03/2026 09:38PM ET,COL,10.78
SP,Antonio Senzatela (43205656),Antonio Senzatela,43205656,P,5000,COL@LAA 06/03/2026 09:38PM ET,COL,7.11
RP,Jose Quintana (43205657),Jose Quintana,43205657,P,5000,COL@LAA 06/03/2026 09:38PM ET,COL,6.05
C,William Contreras (43205083),William Contreras,43205083,C,5000,SF@MIL 06/03/2026 07:40PM ET,MIL,7.85
OF,Cody Bellinger (43205080),Cody Bellinger,43205080,OF,5000,CLE@NYY 06/03/2026 07:05PM ET,NYY,8.98
3B,Sal Stewart (43205085),Sal Stewart,43205085,3B,4900,KC@CIN 06/03/2026 07:10PM ET,CIN,8.97
OF,Jordan Walker (43205084),Jordan Walker,43205084,OF,4900,TEX@STL 06/03/2026 07:45PM ET,STL,9.71
1B,Vladimir Guerrero Jr. (43205087),Vladimir Guerrero Jr.,43205087,1B,4800,TOR@ATL 06/03/2026 07:15PM ET,TOR,7.48
C,Drake Baldwin (43205322),Drake Baldwin,43205322,C,4800,TOR@ATL 06/03/2026 07:15PM ET,ATL,10.15
OF,Pete Crow-Armstrong (43205086),Pete Crow-Armstrong,43205086,OF,4800,ATH@CHC 06/03/2026 08:05PM ET,CHC,7.75
OF,Kyle Tucker (43205088),Kyle Tucker,43205088,OF,4700,LAD@ARI 06/03/2026 09:40PM ET,LAD,7.45
2B,Ozzie Albies (43205089),Ozzie Albies,43205089,2B,4700,TOR@ATL 06/03/2026 07:15PM ET,ATL,7.59
OF,Mickey Moniak (43205323),Mickey Moniak,43205323,OF,4700,COL@LAA 06/03/2026 09:38PM ET,COL,8.54
3B,Max Muncy (43205090),Max Muncy,43205090,3B,4600,LAD@ARI 06/03/2026 09:40PM ET,LAD,7.62
1B/OF,Jake Bauers (43205091),Jake Bauers,43205091,1B/OF,4600,SF@MIL 06/03/2026 07:40PM ET,MIL,8.67
OF,Seiya Suzuki (43205093),Seiya Suzuki,43205093,OF,4600,ATH@CHC 06/03/2026 08:05PM ET,CHC,6.89
SS,Mookie Betts (43205097),Mookie Betts,43205097,SS,4500,LAD@ARI 06/03/2026 09:40PM ET,LAD,7.15
OF,George Springer (43205095),George Springer,43205095,OF,4500,TOR@ATL 06/03/2026 07:15PM ET,TOR,6.32
OF,Ryan O'Hearn (43205094),Ryan O'Hearn,43205094,OF,4500,PIT@HOU 06/03/2026 08:10PM ET,PIT,8.30
1B,Christian Walker (43205098),Christian Walker,43205098,1B,4500,PIT@HOU 06/03/2026 08:10PM ET,HOU,8.36
SS,Corey Seager (43205324),Corey Seager,43205324,SS,4500,TEX@STL 06/03/2026 07:45PM ET,TEX,6.71
2B,Jazz Chisholm Jr. (43205096),Jazz Chisholm Jr.,43205096,2B,4500,CLE@NYY 06/03/2026 07:05PM ET,NYY,7.51
C,Hunter Goodman (43205102),Hunter Goodman,43205102,C,4400,COL@LAA 06/03/2026 09:38PM ET,COL,8.29
2B,JJ Wetherholt (43205099),JJ Wetherholt,43205099,2B,4400,TEX@STL 06/03/2026 07:45PM ET,STL,8.41
OF,Casey Schmitt (43205100),Casey Schmitt,43205100,OF,4400,SF@MIL 06/03/2026 07:40PM ET,SF,8.60
OF,Brent Rooker (43205101),Brent Rooker,43205101,OF,4400,ATH@CHC 06/03/2026 08:05PM ET,ATH,6.83
1B,Michael Busch (43205103),Michael Busch,43205103,1B,4400,ATH@CHC 06/03/2026 08:05PM ET,CHC,7.42
OF,Giancarlo Stanton (43205325),Giancarlo Stanton,43205325,OF,4400,CLE@NYY 06/03/2026 07:05PM ET,NYY,6.79
OF,Michael Harris II (43205104),Michael Harris II,43205104,OF,4300,TOR@ATL 06/03/2026 07:15PM ET,ATL,8.03
OF,Bryan Reynolds (43205105),Bryan Reynolds,43205105,OF,4300,PIT@HOU 06/03/2026 08:10PM ET,PIT,8.56
1B,Rafael Devers (43205106),Rafael Devers,43205106,1B,4300,SF@MIL 06/03/2026 07:40PM ET,SF,6.75
2B,Nico Hoerner (43205107),Nico Hoerner,43205107,2B,4300,ATH@CHC 06/03/2026 08:05PM ET,CHC,7.98
OF,Teoscar Hernandez (43205327),Teoscar Hernandez,43205327,OF,4200,LAD@ARI 06/03/2026 09:40PM ET,LAD,7.63
3B,Austin Riley (43205110),Austin Riley,43205110,3B,4200,TOR@ATL 06/03/2026 07:15PM ET,ATL,6.59
SS,Konnor Griffin (43205326),Konnor Griffin,43205326,SS,4200,PIT@HOU 06/03/2026 08:10PM ET,PIT,8.18
OF,Brandon Nimmo (43205109),Brandon Nimmo,43205109,OF,4200,TEX@STL 06/03/2026 07:45PM ET,TEX,7.03
C,Ivan Herrera (43205112),Ivan Herrera,43205112,C,4200,TEX@STL 06/03/2026 07:45PM ET,STL,8.05
OF,Tyler Soderstrom (43205108),Tyler Soderstrom,43205108,OF,4200,ATH@CHC 06/03/2026 08:05PM ET,ATH,6.96
2B,Travis Bazzana (43205111),Travis Bazzana,43205111,2B,4200,CLE@NYY 06/03/2026 07:05PM ET,CLE,8.64
C,Dalton Rushing (43205119),Dalton Rushing,43205119,C,4100,LAD@ARI 06/03/2026 09:40PM ET,LAD,6.72
SS,Geraldo Perdomo (43205120),Geraldo Perdomo,43205120,SS,4100,LAD@ARI 06/03/2026 09:40PM ET,ARI,6.84
1B/2B,Spencer Steer (43205114),Spencer Steer,43205114,1B/2B,4100,KC@CIN 06/03/2026 07:10PM ET,CIN,7.57
OF,Garrett Mitchell (43205113),Garrett Mitchell,43205113,OF,4100,SF@MIL 06/03/2026 07:40PM ET,MIL,6.84
3B,Alex Bregman (43205117),Alex Bregman,43205117,3B,4100,ATH@CHC 06/03/2026 08:05PM ET,CHC,6.72
1B,Paul Goldschmidt (43205116),Paul Goldschmidt,43205116,1B,4100,CLE@NYY 06/03/2026 07:05PM ET,NYY,8.06
OF,Angel Martinez (43205118),Angel Martinez,43205118,OF,4100,CLE@NYY 06/03/2026 07:05PM ET,CLE,7.09
1B/2B,Ildemaro Vargas (43205121),Ildemaro Vargas,43205121,1B/2B,4000,LAD@ARI 06/03/2026 09:40PM ET,ARI,7.81
C,Will Smith (43205132),Will Smith,43205132,C,4000,LAD@ARI 06/03/2026 09:40PM ET,LAD,6.26
RP,Blake Walston (43205661),Blake Walston,43205661,P,4000,LAD@ARI 06/03/2026 09:40PM ET,ARI,0
RP,Jake Cousins (43205667),Jake Cousins,43205667,P,4000,LAD@ARI 06/03/2026 09:40PM ET,LAD,0
SP,Mitch Bratt (43205677),Mitch Bratt,43205677,P,4000,LAD@ARI 06/03/2026 09:40PM ET,ARI,0
SP,Kohl Drake (43205679),Kohl Drake,43205679,P,4000,LAD@ARI 06/03/2026 09:40PM ET,ARI,0
SP,Dylan Ray (43205680),Dylan Ray,43205680,P,4000,LAD@ARI 06/03/2026 09:40PM ET,ARI,0
RP,Brusdar Graterol (43205682),Brusdar Graterol,43205682,P,4000,LAD@ARI 06/03/2026 09:40PM ET,LAD,0
RP,Ronan Kopp (43205688),Ronan Kopp,43205688,P,4000,LAD@ARI 06/03/2026 09:40PM ET,LAD,0
RP,Philip Abner (43205698),Philip Abner,43205698,P,4000,LAD@ARI 06/03/2026 09:40PM ET,ARI,2.05
RP,Evan Phillips (43205701),Evan Phillips,43205701,P,4000,LAD@ARI 06/03/2026 09:40PM ET,LAD,0
RP,Andrew Saalfrank (43205711),Andrew Saalfrank,43205711,P,4000,LAD@ARI 06/03/2026 09:40PM ET,ARI,0
RP,Kyle Hurt (43205713),Kyle Hurt,43205713,P,4000,LAD@ARI 06/03/2026 09:40PM ET,LAD,3.61
RP,Alex Vesia (43205726),Alex Vesia,43205726,P,4000,LAD@ARI 06/03/2026 09:40PM ET,LAD,3.24
RP,Jack Dreyer (43205728),Jack Dreyer,43205728,P,4000,LAD@ARI 06/03/2026 09:40PM ET,LAD,3.74
RP,Wyatt Mills (43205732),Wyatt Mills,43205732,P,4000,LAD@ARI 06/03/2026 09:40PM ET,LAD,-0.78
RP,Justin Martinez (43205736),Justin Martinez,43205736,P,4000,LAD@ARI 06/03/2026 09:40PM ET,ARI,0
RP,Kevin Ginkel (43205737),Kevin Ginkel,43205737,P,4000,LAD@ARI 06/03/2026 09:40PM ET,ARI,3.30
RP,Drey Jameson (43205740),Drey Jameson,43205740,P,4000,LAD@ARI 06/03/2026 09:40PM ET,ARI,0
RP,Edgardo Henriquez (43205745),Edgardo Henriquez,43205745,P,4000,LAD@ARI 06/03/2026 09:40PM ET,LAD,3.04
SP,Cristian Mena (43205750),Cristian Mena,43205750,P,4000,LAD@ARI 06/03/2026 09:40PM ET,ARI,0
RP,Jonathan Loaisiga (43205761),Jonathan Loaisiga,43205761,P,4000,LAD@ARI 06/03/2026 09:40PM ET,ARI,1.98
RP,Paul Gervase (43205765),Paul Gervase,43205765,P,4000,LAD@ARI 06/03/2026 09:40PM ET,LAD,7.52
RP,Juan Morillo (43205768),Juan Morillo,43205768,P,4000,LAD@ARI 06/03/2026 09:40PM ET,ARI,3.44
RP,Juan Burgos (43205770),Juan Burgos,43205770,P,4000,LAD@ARI 06/03/2026 09:40PM ET,ARI,0
RP,Kade Strowd (43205771),Kade Strowd,43205771,P,4000,LAD@ARI 06/03/2026 09:40PM ET,ARI,0
RP,Tanner Scott (43205780),Tanner Scott,43205780,P,4000,LAD@ARI 06/03/2026 09:40PM ET,LAD,3.59
RP,Andrew Hoffmann (43205796),Andrew Hoffmann,43205796,P,4000,LAD@ARI 06/03/2026 09:40PM ET,ARI,2.08
RP,Will Klein (43205801),Will Klein,43205801,P,4000,LAD@ARI 06/03/2026 09:40PM ET,LAD,4.25
RP,Charlie Barnes (43205805),Charlie Barnes,43205805,P,4000,LAD@ARI 06/03/2026 09:40PM ET,LAD,1.08
RP,Blake Treinen (43205817),Blake Treinen,43205817,P,4000,LAD@ARI 06/03/2026 09:40PM ET,LAD,2.53
RP,Paul Sewald (43205825),Paul Sewald,43205825,P,4000,LAD@ARI 06/03/2026 09:40PM ET,ARI,2.96
RP,Jonathan Hernandez (43205827),Jonathan Hernandez,43205827,P,4000,LAD@ARI 06/03/2026 09:40PM ET,LAD,5.08
RP,Ben Casparius (43205841),Ben Casparius,43205841,P,4000,LAD@ARI 06/03/2026 09:40PM ET,LAD,0.5
RP,John Curtiss (43205843),John Curtiss,43205843,P,4000,LAD@ARI 06/03/2026 09:40PM ET,ARI,0
RP,Ryan Thompson (43205845),Ryan Thompson,43205845,P,4000,LAD@ARI 06/03/2026 09:40PM ET,ARI,1.99
RP,Brock Stewart (43205855),Brock Stewart,43205855,P,4000,LAD@ARI 06/03/2026 09:40PM ET,LAD,4.95
RP,Taylor Clarke (43205863),Taylor Clarke,43205863,P,4000,LAD@ARI 06/03/2026 09:40PM ET,ARI,2.45
RP,Jordan Weems (43205874),Jordan Weems,43205874,P,4000,LAD@ARI 06/03/2026 09:40PM ET,LAD,0
RP,Jake Eder (43205877),Jake Eder,43205877,P,4000,LAD@ARI 06/03/2026 09:40PM ET,LAD,2.65
RP,Taylor Rashi (43205886),Taylor Rashi,43205886,P,4000,LAD@ARI 06/03/2026 09:40PM ET,ARI,3.28
RP,Edwin Diaz (43205888),Edwin Diaz,43205888,P,4000,LAD@ARI 06/03/2026 09:40PM ET,LAD,2.07
RP,Brandyn Garcia (43205896),Brandyn Garcia,43205896,P,4000,LAD@ARI 06/03/2026 09:40PM ET,ARI,2.84
RP,A.J. Puk (43205897),A.J. Puk,43205897,P,4000,LAD@ARI 06/03/2026 09:40PM ET,ARI,0
OF,Daulton Varsho (43205126),Daulton Varsho,43205126,OF,4000,TOR@ATL 06/03/2026 07:15PM ET,TOR,6.59
1B/OF,Dominic Smith (43205128),Dominic Smith,43205128,1B/OF,4000,TOR@ATL 06/03/2026 07:15PM ET,ATL,5.71
RP,Hayden Juenger (43205666),Hayden Juenger,43205666,P,4000,TOR@ATL 06/03/2026 07:15PM ET,TOR,-6.15
RP,Jhancarlos Lara (43205675),Jhancarlos Lara,43205675,P,4000,TOR@ATL 06/03/2026 07:15PM ET,ATL,0
RP,Joe Jimenez (43205687),Joe Jimenez,43205687,P,4000,TOR@ATL 06/03/2026 07:15PM ET,ATL,0
RP,Bowden Francis (43205695),Bowden Francis,43205695,P,4000,TOR@ATL 06/03/2026 07:15PM ET,TOR,0
RP,Anthony Molina (43205697),Anthony Molina,43205697,P,4000,TOR@ATL 06/03/2026 07:15PM ET,ATL,3.9
RP,Rolddy Munoz (43205719),Rolddy Munoz,43205719,P,4000,TOR@ATL 06/03/2026 07:15PM ET,ATL,0.9
RP,Connor Seabold (43205724),Connor Seabold,43205724,P,4000,TOR@ATL 06/03/2026 07:15PM ET,TOR,3.34
RP,Dylan Dodd (43205730),Dylan Dodd,43205730,P,4000,TOR@ATL 06/03/2026 07:15PM ET,ATL,5.6
RP,Daysbel Hernandez (43205733),Daysbel Hernandez,43205733,P,4000,TOR@ATL 06/03/2026 07:15PM ET,ATL,0
RP,Tyler Rogers (43205735),Tyler Rogers,43205735,P,4000,TOR@ATL 06/03/2026 07:15PM ET,TOR,2.29
RP,Robert Suarez (43205747),Robert Suarez,43205747,P,4000,TOR@ATL 06/03/2026 07:15PM ET,ATL,4.11
RP,Austin Pope (43205751),Austin Pope,43205751,P,4000,TOR@ATL 06/03/2026 07:15PM ET,ATL,0
RP,Hunter Stratton (43205773),Hunter Stratton,43205773,P,4000,TOR@ATL 06/03/2026 07:15PM ET,ATL,3.65
RP,Joe Mantiply (43205797),Joe Mantiply,43205797,P,4000,TOR@ATL 06/03/2026 07:15PM ET,TOR,3.24
RP,Braydon Fisher (43205802),Braydon Fisher,43205802,P,4000,TOR@ATL 06/03/2026 07:15PM ET,TOR,3.68
RP,Danny Young (43205810),Danny Young,43205810,P,4000,TOR@ATL 06/03/2026 07:15PM ET,ATL,0
RP,Tommy Nance (43205815),Tommy Nance,43205815,P,4000,TOR@ATL 06/03/2026 07:15PM ET,TOR,3.24
RP,Yimi Garcia (43205820),Yimi Garcia,43205820,P,4000,TOR@ATL 06/03/2026 07:15PM ET,TOR,0
RP,Louis Varland (43205821),Louis Varland,43205821,P,4000,TOR@ATL 06/03/2026 07:15PM ET,TOR,4.93
RP,Raisel Iglesias (43205822),Raisel Iglesias,43205822,P,4000,TOR@ATL 06/03/2026 07:15PM ET,ATL,3.99
RP,Hayden Harris (43205826),Hayden Harris,43205826,P,4000,TOR@ATL 06/03/2026 07:15PM ET,ATL,0
RP,Tyler Kinley (43205840),Tyler Kinley,43205840,P,4000,TOR@ATL 06/03/2026 07:15PM ET,ATL,3.33
RP,Dylan Lee (43205859),Dylan Lee,43205859,P,4000,TOR@ATL 06/03/2026 07:15PM ET,ATL,4.29
RP,Chase Lee (43205865),Chase Lee,43205865,P,4000,TOR@ATL 06/03/2026 07:15PM ET,TOR,-0.03
RP,Tayler Scott (43205867),Tayler Scott,43205867,P,4000,TOR@ATL 06/03/2026 07:15PM ET,ATL,0
RP,Tanner Andrews (43205882),Tanner Andrews,43205882,P,4000,TOR@ATL 06/03/2026 07:15PM ET,TOR,3.48
RP,Brendon Little (43205887),Brendon Little,43205887,P,4000,TOR@ATL 06/03/2026 07:15PM ET,TOR,-1.51
RP,Jeff Hoffman (43205893),Jeff Hoffman,43205893,P,4000,TOR@ATL 06/03/2026 07:15PM ET,TOR,3.53
3B,Maikel Garcia (43205125),Maikel Garcia,43205125,3B,4000,KC@CIN 06/03/2026 07:10PM ET,KC,7.04
RP,Brandon Leibrandt (43205659),Brandon Leibrandt,43205659,P,4000,KC@CIN 06/03/2026 07:10PM ET,CIN,1.7
RP,James McArthur (43205670),James McArthur,43205670,P,4000,KC@CIN 06/03/2026 07:10PM ET,KC,0
RP,Zach Maxwell (43205700),Zach Maxwell,43205700,P,4000,KC@CIN 06/03/2026 07:10PM ET,CIN,-0.02
RP,Alex Lange (43205731),Alex Lange,43205731,P,4000,KC@CIN 06/03/2026 07:10PM ET,KC,2.60
RP,Eli Morgan (43205739),Eli Morgan,43205739,P,4000,KC@CIN 06/03/2026 07:10PM ET,KC,2.07
RP,Luis Mey (43205763),Luis Mey,43205763,P,4000,KC@CIN 06/03/2026 07:10PM ET,CIN,4.62
RP,John Schreiber (43205767),John Schreiber,43205767,P,4000,KC@CIN 06/03/2026 07:10PM ET,KC,1.82
RP,Carlos Estevez (43205769),Carlos Estevez,43205769,P,4000,KC@CIN 06/03/2026 07:10PM ET,KC,-14.85
RP,Graham Ashcraft (43205774),Graham Ashcraft,43205774,P,4000,KC@CIN 06/03/2026 07:10PM ET,CIN,3.42
RP,Pierce Johnson (43205792),Pierce Johnson,43205792,P,4000,KC@CIN 06/03/2026 07:10PM ET,CIN,2.72
RP,Nick Mears (43205795),Nick Mears,43205795,P,4000,KC@CIN 06/03/2026 07:10PM ET,KC,2.00
RP,Eric Cerantola (43205806),Eric Cerantola,43205806,P,4000,KC@CIN 06/03/2026 07:10PM ET,KC,3.6
RP,Matt Strahm (43205818),Matt Strahm,43205818,P,4000,KC@CIN 06/03/2026 07:10PM ET,KC,2.62
RP,Lucas Erceg (43205836),Lucas Erceg,43205836,P,4000,KC@CIN 06/03/2026 07:10PM ET,KC,1.83
RP,Caleb Ferguson (43205849),Caleb Ferguson,43205849,P,4000,KC@CIN 06/03/2026 07:10PM ET,CIN,7.15
RP,Sam Moll (43205856),Sam Moll,43205856,P,4000,KC@CIN 06/03/2026 07:10PM ET,CIN,2.97
RP,Brock Burke (43205875),Brock Burke,43205875,P,4000,KC@CIN 06/03/2026 07:10PM ET,CIN,2.72
RP,Steven Cruz (43205878),Steven Cruz,43205878,P,4000,KC@CIN 06/03/2026 07:10PM ET,KC,2.14
RP,Tejay Antone (43205883),Tejay Antone,43205883,P,4000,KC@CIN 06/03/2026 07:10PM ET,CIN,2.26
RP,Andrew Chafin (43205889),Andrew Chafin,43205889,P,4000,KC@CIN 06/03/2026 07:10PM ET,CIN,0
RP,Emilio Pagan (43205898),Emilio Pagan,43205898,P,4000,KC@CIN 06/03/2026 07:10PM ET,CIN,1.93
2B,Jose Altuve (43205330),Jose Altuve,43205330,2B,4000,PIT@HOU 06/03/2026 08:10PM ET,HOU,6.93
RP,Alimber Santa (43205702),Alimber Santa,43205702,P,4000,PIT@HOU 06/03/2026 08:10PM ET,HOU,6.42
RP,Isaac Mattson (43205718),Isaac Mattson,43205718,P,4000,PIT@HOU 06/03/2026 08:10PM ET,PIT,1.82
RP,Bryan King (43205734),Bryan King,43205734,P,4000,PIT@HOU 06/03/2026 08:10PM ET,HOU,2.61
RP,Brandan Bidois (43205743),Brandan Bidois,43205743,P,4000,PIT@HOU 06/03/2026 08:10PM ET,PIT,3.09
RP,Gregory Soto (43205748),Gregory Soto,43205748,P,4000,PIT@HOU 06/03/2026 08:10PM ET,PIT,4.36
RP,Bryan Abreu (43205789),Bryan Abreu,43205789,P,4000,PIT@HOU 06/03/2026 08:10PM ET,HOU,1.90
RP,Dennis Santana (43205793),Dennis Santana,43205793,P,4000,PIT@HOU 06/03/2026 08:10PM ET,PIT,1.79
RP,Enyel De Los Santos (43205814),Enyel De Los Santos,43205814,P,4000,PIT@HOU 06/03/2026 08:10PM ET,HOU,2.92
RP,Yohan Ramirez (43205819),Yohan Ramirez,43205819,P,4000,PIT@HOU 06/03/2026 08:10PM ET,PIT,3.58
RP,Jayden Murray (43205823),Jayden Murray,43205823,P,4000,PIT@HOU 06/03/2026 08:10PM ET,HOU,0.53
RP,Logan VanWey (43205830),Logan VanWey,43205830,P,4000,PIT@HOU 06/03/2026 08:10PM ET,HOU,5.38
RP,Chris Devenski (43205831),Chris Devenski,43205831,P,4000,PIT@HOU 06/03/2026 08:10PM ET,PIT,1.42
RP,Bennett Sousa (43205837),Bennett Sousa,43205837,P,4000,PIT@HOU 06/03/2026 08:10PM ET,HOU,0.94
RP,Cam Sanders (43205846),Cam Sanders,43205846,P,4000,PIT@HOU 06/03/2026 08:10PM ET,PIT,1.72
RP,Mason Montgomery (43205857),Mason Montgomery,43205857,P,4000,PIT@HOU 06/03/2026 08:10PM ET,PIT,3.41
RP,Steven Okert (43205861),Steven Okert,43205861,P,4000,PIT@HOU 06/03/2026 08:10PM ET,HOU,2.39
RP,Josh Hader (43205879),Josh Hader,43205879,P,4000,PIT@HOU 06/03/2026 08:10PM ET,HOU,0
RP,Evan Sisk (43205895),Evan Sisk,43205895,P,4000,PIT@HOU 06/03/2026 08:10PM ET,PIT,4.33
SP,Gabriel Hughes (43205662),Gabriel Hughes,43205662,P,4000,COL@LAA 06/03/2026 09:38PM ET,COL,0
RP,RJ Petit (43205674),RJ Petit,43205674,P,4000,COL@LAA 06/03/2026 09:38PM ET,COL,0
RP,TJ Shook (43205681),TJ Shook,43205681,P,4000,COL@LAA 06/03/2026 09:38PM ET,COL,1.65
RP,Jeff Criswell (43205683),Jeff Criswell,43205683,P,4000,COL@LAA 06/03/2026 09:38PM ET,COL,0
SP,Pierson Ohl (43205696),Pierson Ohl,43205696,P,4000,COL@LAA 06/03/2026 09:38PM ET,COL,0
RP,Zach Agnos (43205706),Zach Agnos,43205706,P,4000,COL@LAA 06/03/2026 09:38PM ET,COL,2.33
RP,Keegan Thompson (43205707),Keegan Thompson,43205707,P,4000,COL@LAA 06/03/2026 09:38PM ET,COL,2.92
RP,Angel Perdomo (43205727),Angel Perdomo,43205727,P,4000,COL@LAA 06/03/2026 09:38PM ET,LAA,0
RP,Welinton Herrera (43205741),Welinton Herrera,43205741,P,4000,COL@LAA 06/03/2026 09:38PM ET,COL,2.48
RP,Kirby Yates (43205742),Kirby Yates,43205742,P,4000,COL@LAA 06/03/2026 09:38PM ET,LAA,2.68
RP,Sam Bachman (43205755),Sam Bachman,43205755,P,4000,COL@LAA 06/03/2026 09:38PM ET,LAA,4.41
RP,Juan Mejia (43205757),Juan Mejia,43205757,P,4000,COL@LAA 06/03/2026 09:38PM ET,COL,2.54
RP,Brent Suter (43205764),Brent Suter,43205764,P,4000,COL@LAA 06/03/2026 09:38PM ET,LAA,3.44
RP,Tayler Saucedo (43205772),Tayler Saucedo,43205772,P,4000,COL@LAA 06/03/2026 09:38PM ET,LAA,1.68
RP,Seth Halvorsen (43205779),Seth Halvorsen,43205779,P,4000,COL@LAA 06/03/2026 09:38PM ET,COL,2.86
RP,Sammy Peralta (43205790),Sammy Peralta,43205790,P,4000,COL@LAA 06/03/2026 09:38PM ET,COL,-3.5
RP,Victor Vodnik (43205799),Victor Vodnik,43205799,P,4000,COL@LAA 06/03/2026 09:38PM ET,COL,1.17
RP,Brennan Bernardino (43205803),Brennan Bernardino,43205803,P,4000,COL@LAA 06/03/2026 09:38PM ET,COL,2.13
RP,Ben Joyce (43205808),Ben Joyce,43205808,P,4000,COL@LAA 06/03/2026 09:38PM ET,LAA,0
RP,Ryan Zeferjahn (43205829),Ryan Zeferjahn,43205829,P,4000,COL@LAA 06/03/2026 09:38PM ET,LAA,3.28
RP,Hunter Strickland (43205839),Hunter Strickland,43205839,P,4000,COL@LAA 06/03/2026 09:38PM ET,LAA,0
RP,Jose Fermin (43205850),Jose Fermin,43205850,P,4000,COL@LAA 06/03/2026 09:38PM ET,LAA,2.72
RP,Jimmy Herget (43205852),Jimmy Herget,43205852,P,4000,COL@LAA 06/03/2026 09:38PM ET,COL,2.55
RP,Jaden Hill (43205862),Jaden Hill,43205862,P,4000,COL@LAA 06/03/2026 09:38PM ET,COL,2.47
RP,Drew Pomeranz (43205880),Drew Pomeranz,43205880,P,4000,COL@LAA 06/03/2026 09:38PM ET,LAA,1.40
RP,Robert Stephenson (43205894),Robert Stephenson,43205894,P,4000,COL@LAA 06/03/2026 09:38PM ET,LAA,0
SS,Ezequiel Duran (43205127),Ezequiel Duran,43205127,SS,4000,TEX@STL 06/03/2026 07:45PM ET,TEX,7.23
SP,David Davalillo (43205658),David Davalillo,43205658,P,4000,TEX@STL 06/03/2026 07:45PM ET,TEX,0
SP,Leandro Lopez (43205663),Leandro Lopez,43205663,P,4000,TEX@STL 06/03/2026 07:45PM ET,TEX,0
RP,Robby Ahlstrom (43205664),Robby Ahlstrom,43205664,P,4000,TEX@STL 06/03/2026 07:45PM ET,TEX,0
SP,Tink Hence (43205669),Tink Hence,43205669,P,4000,TEX@STL 06/03/2026 07:45PM ET,STL,0
SP,Winston Santos (43205671),Winston Santos,43205671,P,4000,TEX@STL 06/03/2026 07:45PM ET,TEX,0
RP,Cooper Hjerpe (43205673),Cooper Hjerpe,43205673,P,4000,TEX@STL 06/03/2026 07:45PM ET,STL,0
RP,Josh Sborz (43205684),Josh Sborz,43205684,P,4000,TEX@STL 06/03/2026 07:45PM ET,TEX,0
SP,Emiliano Teodo (43205685),Emiliano Teodo,43205685,P,4000,TEX@STL 06/03/2026 07:45PM ET,TEX,0
SP,Jose Corniell (43205693),Jose Corniell,43205693,P,4000,TEX@STL 06/03/2026 07:45PM ET,TEX,0
RP,Michel Otanez (43205703),Michel Otanez,43205703,P,4000,TEX@STL 06/03/2026 07:45PM ET,TEX,0
RP,Matt Pushard (43205709),Matt Pushard,43205709,P,4000,TEX@STL 06/03/2026 07:45PM ET,STL,2.19
RP,Ryan Fernandez (43205715),Ryan Fernandez,43205715,P,4000,TEX@STL 06/03/2026 07:45PM ET,STL,6.85
RP,Tyler Alexander (43205717),Tyler Alexander,43205717,P,4000,TEX@STL 06/03/2026 07:45PM ET,TEX,2.36
RP,Gavin Collyer (43205729),Gavin Collyer,43205729,P,4000,TEX@STL 06/03/2026 07:45PM ET,TEX,2.27
RP,Justin Bruihl (43205746),Justin Bruihl,43205746,P,4000,TEX@STL 06/03/2026 07:45PM ET,STL,1.44
RP,George Soriano (43205752),George Soriano,43205752,P,4000,TEX@STL 06/03/2026 07:45PM ET,STL,2.87
RP,Luis Curvelo (43205758),Luis Curvelo,43205758,P,4000,TEX@STL 06/03/2026 07:45PM ET,TEX,1.61
RP,Peyton Gray (43205776),Peyton Gray,43205776,P,4000,TEX@STL 06/03/2026 07:45PM ET,TEX,4.28
RP,Ryne Stanek (43205778),Ryne Stanek,43205778,P,4000,TEX@STL 06/03/2026 07:45PM ET,STL,2.4
RP,Carter Baumler (43205783),Carter Baumler,43205783,P,4000,TEX@STL 06/03/2026 07:45PM ET,TEX,3.54
SP,Riley O'Brien (43205794),Riley O'Brien,43205794,P,4000,TEX@STL 06/03/2026 07:45PM ET,STL,3.26
RP,Matt Svanson (43205800),Matt Svanson,43205800,P,4000,TEX@STL 06/03/2026 07:45PM ET,STL,1.38
RP,Chris Roycroft (43205816),Chris Roycroft,43205816,P,4000,TEX@STL 06/03/2026 07:45PM ET,STL,-0.71
RP,JoJo Romero (43205838),JoJo Romero,43205838,P,4000,TEX@STL 06/03/2026 07:45PM ET,STL,2.78
RP,Chris Martin (43205853),Chris Martin,43205853,P,4000,TEX@STL 06/03/2026 07:45PM ET,TEX,0.89
RP,Jakob Junis (43205858),Jakob Junis,43205858,P,4000,TEX@STL 06/03/2026 07:45PM ET,TEX,3.05
RP,Cole Winn (43205860),Cole Winn,43205860,P,4000,TEX@STL 06/03/2026 07:45PM ET,TEX,2.52
RP,Jalen Beeks (43205870),Jalen Beeks,43205870,P,4000,TEX@STL 06/03/2026 07:45PM ET,TEX,2.39
RP,Robert Garcia (43205891),Robert Garcia,43205891,P,4000,TEX@STL 06/03/2026 07:45PM ET,TEX,1.87
1B,Andrew Vaughn (43205133),Andrew Vaughn,43205133,1B,4000,SF@MIL 06/03/2026 07:40PM ET,MIL,6.95
RP,Jason Foley (43205678),Jason Foley,43205678,P,4000,SF@MIL 06/03/2026 07:40PM ET,SF,0
RP,Reiver Sanmartin (43205689),Reiver Sanmartin,43205689,P,4000,SF@MIL 06/03/2026 07:40PM ET,SF,0
SP,Nick Margevicius (43205690),Nick Margevicius,43205690,P,4000,SF@MIL 06/03/2026 07:40PM ET,SF,0
RP,Rowan Wick (43205691),Rowan Wick,43205691,P,4000,SF@MIL 06/03/2026 07:40PM ET,SF,0
RP,Wilkin Ramos (43205692),Wilkin Ramos,43205692,P,4000,SF@MIL 06/03/2026 07:40PM ET,SF,-0.5
RP,Spencer Bivens (43205694),Spencer Bivens,43205694,P,4000,SF@MIL 06/03/2026 07:40PM ET,SF,0
RP,Angel Zerpa (43205710),Angel Zerpa,43205710,P,4000,SF@MIL 06/03/2026 07:40PM ET,MIL,1.11
RP,Rob Zastryzny (43205712),Rob Zastryzny,43205712,P,4000,SF@MIL 06/03/2026 07:40PM ET,MIL,0
RP,Brian Fitzpatrick (43205714),Brian Fitzpatrick,43205714,P,4000,SF@MIL 06/03/2026 07:40PM ET,MIL,3.19
RP,Aaron Ashby (43205716),Aaron Ashby,43205716,P,4000,SF@MIL 06/03/2026 07:40PM ET,MIL,6.42
RP,Joel Peguero (43205722),Joel Peguero,43205722,P,4000,SF@MIL 06/03/2026 07:40PM ET,SF,1.81
RP,Abner Uribe (43205766),Abner Uribe,43205766,P,4000,SF@MIL 06/03/2026 07:40PM ET,MIL,2.98
RP,Grant Anderson (43205775),Grant Anderson,43205775,P,4000,SF@MIL 06/03/2026 07:40PM ET,MIL,2.76
RP,Craig Yoho (43205777),Craig Yoho,43205777,P,4000,SF@MIL 06/03/2026 07:40PM ET,MIL,0
RP,Jared Koenig (43205781),Jared Koenig,43205781,P,4000,SF@MIL 06/03/2026 07:40PM ET,MIL,3.42
RP,Carlos Rodriguez (43205807),Carlos Rodriguez,43205807,P,4000,SF@MIL 06/03/2026 07:40PM ET,MIL,5.15
RP,Matt Gage (43205809),Matt Gage,43205809,P,4000,SF@MIL 06/03/2026 07:40PM ET,SF,2.6
RP,Trevor Megill (43205812),Trevor Megill,43205812,P,4000,SF@MIL 06/03/2026 07:40PM ET,MIL,3.12
RP,Sam Hentges (43205813),Sam Hentges,43205813,P,4000,SF@MIL 06/03/2026 07:40PM ET,SF,2.62
RP,DL Hall (43205824),DL Hall,43205824,P,4000,SF@MIL 06/03/2026 07:40PM ET,MIL,3.9
RP,Ryan Walker (43205828),Ryan Walker,43205828,P,4000,SF@MIL 06/03/2026 07:40PM ET,SF,1.44
RP,Gregory Santos (43205854),Gregory Santos,43205854,P,4000,SF@MIL 06/03/2026 07:40PM ET,SF,1.48
RP,Randy Rodriguez (43205864),Randy Rodriguez,43205864,P,4000,SF@MIL 06/03/2026 07:40PM ET,SF,0
RP,Erik Miller (43205884),Erik Miller,43205884,P,4000,SF@MIL 06/03/2026 07:40PM ET,SF,3.08
RP,Easton McGee (43205900),Easton McGee,43205900,P,4000,SF@MIL 06/03/2026 07:40PM ET,MIL,2.65
OF,Ian Happ (43205123),Ian Happ,43205123,OF,4000,ATH@CHC 06/03/2026 08:05PM ET,CHC,8.65
OF,Carlos Cortes (43205124),Carlos Cortes,43205124,OF,4000,ATH@CHC 06/03/2026 08:05PM ET,ATH,6.29
SP,Chen Zhong-Ao Zhuang (43205660),Chen Zhong-Ao Zhuang,43205660,P,4000,ATH@CHC 06/03/2026 08:05PM ET,ATH,0
SP,Henry Baez (43205672),Henry Baez,43205672,P,4000,ATH@CHC 06/03/2026 08:05PM ET,ATH,0
SP,Braden Nett (43205686),Braden Nett,43205686,P,4000,ATH@CHC 06/03/2026 08:05PM ET,ATH,0
RP,Elvis Alvarado (43205699),Elvis Alvarado,43205699,P,4000,ATH@CHC 06/03/2026 08:05PM ET,ATH,1.90
RP,Luis Peralta (43205704),Luis Peralta,43205704,P,4000,ATH@CHC 06/03/2026 08:05PM ET,CHC,0
RP,Hoby Milner (43205705),Hoby Milner,43205705,P,4000,ATH@CHC 06/03/2026 08:05PM ET,CHC,2.22
RP,Mason Barnett (43205721),Mason Barnett,43205721,P,4000,ATH@CHC 06/03/2026 08:05PM ET,ATH,4.7
RP,Luke Little (43205725),Luke Little,43205725,P,4000,ATH@CHC 06/03/2026 08:05PM ET,CHC,1.05
RP,Brooks Kriske (43205749),Brooks Kriske,43205749,P,4000,ATH@CHC 06/03/2026 08:05PM ET,ATH,4.1
RP,Phil Maton (43205756),Phil Maton,43205756,P,4000,ATH@CHC 06/03/2026 08:05PM ET,CHC,1.67
RP,Shelby Miller (43205760),Shelby Miller,43205760,P,4000,ATH@CHC 06/03/2026 08:05PM ET,CHC,0
RP,Tyler Ferguson (43205762),Tyler Ferguson,43205762,P,4000,ATH@CHC 06/03/2026 08:05PM ET,CHC,-5.4
RP,Ethan Roberts (43205782),Ethan Roberts,43205782,P,4000,ATH@CHC 06/03/2026 08:05PM ET,CHC,3.6
RP,Joel Kuhnel (43205784),Joel Kuhnel,43205784,P,4000,ATH@CHC 06/03/2026 08:05PM ET,ATH,2.19
RP,Porter Hodge (43205785),Porter Hodge,43205785,P,4000,ATH@CHC 06/03/2026 08:05PM ET,CHC,0
RP,Doug Nikhazy (43205788),Doug Nikhazy,43205788,P,4000,ATH@CHC 06/03/2026 08:05PM ET,CHC,2.7
RP,Caleb Thielbar (43205791),Caleb Thielbar,43205791,P,4000,ATH@CHC 06/03/2026 08:05PM ET,CHC,3.22
RP,Brady Basso (43205804),Brady Basso,43205804,P,4000,ATH@CHC 06/03/2026 08:05PM ET,ATH,0.13
RP,Michael Kelly (43205832),Michael Kelly,43205832,P,4000,ATH@CHC 06/03/2026 08:05PM ET,ATH,-1.11
RP,Christian Roa (43205833),Christian Roa,43205833,P,4000,ATH@CHC 06/03/2026 08:05PM ET,CHC,1.36
RP,Trent Thornton (43205834),Trent Thornton,43205834,P,4000,ATH@CHC 06/03/2026 08:05PM ET,CHC,3.76
RP,Mark Leiter Jr. (43205847),Mark Leiter Jr.,43205847,P,4000,ATH@CHC 06/03/2026 08:05PM ET,ATH,2.07
RP,Gavin Hollowell (43205848),Gavin Hollowell,43205848,P,4000,ATH@CHC 06/03/2026 08:05PM ET,CHC,-1.85
RP,Riley Martin (43205851),Riley Martin,43205851,P,4000,ATH@CHC 06/03/2026 08:05PM ET,CHC,3.82
RP,Ryan Rolison (43205866),Ryan Rolison,43205866,P,4000,ATH@CHC 06/03/2026 08:05PM ET,CHC,3.89
RP,Scott Barlow (43205868),Scott Barlow,43205868,P,4000,ATH@CHC 06/03/2026 08:05PM ET,ATH,2.60
RP,Daniel Palencia (43205871),Daniel Palencia,43205871,P,4000,ATH@CHC 06/03/2026 08:05PM ET,CHC,3.02
RP,Justin Sterner (43205876),Justin Sterner,43205876,P,4000,ATH@CHC 06/03/2026 08:05PM ET,ATH,2.92
RP,Jacob Webb (43205892),Jacob Webb,43205892,P,4000,ATH@CHC 06/03/2026 08:05PM ET,CHC,3.51
RP,Hunter Harvey (43205899),Hunter Harvey,43205899,P,4000,ATH@CHC 06/03/2026 08:05PM ET,CHC,1.85
OF,Chase DeLauter (43205130),Chase DeLauter,43205130,OF,4000,CLE@NYY 06/03/2026 07:05PM ET,CLE,7.21
OF,Trent Grisham (43205131),Trent Grisham,43205131,OF,4000,CLE@NYY 06/03/2026 07:05PM ET,NYY,7.07
2B/3B,Amed Rosario (43205328),Amed Rosario,43205328,2B/3B,4000,CLE@NYY 06/03/2026 07:05PM ET,NYY,6.34
SP,Austin Peterson (43205665),Austin Peterson,43205665,P,4000,CLE@NYY 06/03/2026 07:05PM ET,CLE,0
RP,Yorman Gomez (43205668),Yorman Gomez,43205668,P,4000,CLE@NYY 06/03/2026 07:05PM ET,CLE,0
SP,Chase Hampton (43205676),Chase Hampton,43205676,P,4000,CLE@NYY 06/03/2026 07:05PM ET,NYY,0
RP,Andrew Walters (43205708),Andrew Walters,43205708,P,4000,CLE@NYY 06/03/2026 07:05PM ET,CLE,0
RP,Hunter Gaddis (43205720),Hunter Gaddis,43205720,P,4000,CLE@NYY 06/03/2026 07:05PM ET,CLE,2.12
RP,Jake Bird (43205723),Jake Bird,43205723,P,4000,CLE@NYY 06/03/2026 07:05PM ET,NYY,2.20
RP,Tim Hill (43205738),Tim Hill,43205738,P,4000,CLE@NYY 06/03/2026 07:05PM ET,NYY,1.55
RP,Brent Headrick (43205744),Brent Headrick,43205744,P,4000,CLE@NYY 06/03/2026 07:05PM ET,NYY,3.71
RP,Cade Smith (43205753),Cade Smith,43205753,P,4000,CLE@NYY 06/03/2026 07:05PM ET,CLE,4.45
RP,Franco Aleman (43205754),Franco Aleman,43205754,P,4000,CLE@NYY 06/03/2026 07:05PM ET,CLE,1.8
RP,Kervin Castro (43205759),Kervin Castro,43205759,P,4000,CLE@NYY 06/03/2026 07:05PM ET,NYY,5.3
RP,Tim Herrin (43205786),Tim Herrin,43205786,P,4000,CLE@NYY 06/03/2026 07:05PM ET,CLE,1.74
RP,David Bednar (43205787),David Bednar,43205787,P,4000,CLE@NYY 06/03/2026 07:05PM ET,NYY,2.86
RP,Angel Chivilli (43205798),Angel Chivilli,43205798,P,4000,CLE@NYY 06/03/2026 07:05PM ET,NYY,2.82
RP,Erik Sabrowski (43205811),Erik Sabrowski,43205811,P,4000,CLE@NYY 06/03/2026 07:05PM ET,CLE,4.53
RP,Yovanny Cruz (43205835),Yovanny Cruz,43205835,P,4000,CLE@NYY 06/03/2026 07:05PM ET,NYY,5.02
RP,Will Dion (43205842),Will Dion,43205842,P,4000,CLE@NYY 06/03/2026 07:05PM ET,CLE,4.77
RP,Colin Holderman (43205844),Colin Holderman,43205844,P,4000,CLE@NYY 06/03/2026 07:05PM ET,CLE,5.26
RP,Shawn Armstrong (43205869),Shawn Armstrong,43205869,P,4000,CLE@NYY 06/03/2026 07:05PM ET,CLE,3.08
RP,Matt Festa (43205872),Matt Festa,43205872,P,4000,CLE@NYY 06/03/2026 07:05PM ET,CLE,2.77
RP,Fernando Cruz (43205873),Fernando Cruz,43205873,P,4000,CLE@NYY 06/03/2026 07:05PM ET,NYY,3.40
RP,Camilo Doval (43205881),Camilo Doval,43205881,P,4000,CLE@NYY 06/03/2026 07:05PM ET,NYY,1.79
RP,Yerry de los Santos (43205885),Yerry de los Santos,43205885,P,4000,CLE@NYY 06/03/2026 07:05PM ET,NYY,8.9
RP,Codi Heuer (43205890),Codi Heuer,43205890,P,4000,CLE@NYY 06/03/2026 07:05PM ET,CLE,2.45
C,Alejandro Kirk (43205332),Alejandro Kirk,43205332,C,3900,TOR@ATL 06/03/2026 07:15PM ET,TOR,6
3B,Eugenio Suarez (43205136),Eugenio Suarez,43205136,3B,3900,KC@CIN 06/03/2026 07:10PM ET,CIN,5.86
SS,Jeremy Pena (43205139),Jeremy Pena,43205139,SS,3900,PIT@HOU 06/03/2026 08:10PM ET,HOU,8.04
OF,Jorge Soler (43205134),Jorge Soler,43205134,OF,3900,COL@LAA 06/03/2026 09:38PM ET,LAA,7.04
OF,Troy Johnston (43205135),Troy Johnston,43205135,OF,3900,COL@LAA 06/03/2026 09:38PM ET,COL,6.63
1B,Alec Burleson (43205138),Alec Burleson,43205138,1B,3900,TEX@STL 06/03/2026 07:45PM ET,STL,7.88
OF,Wyatt Langford (43205331),Wyatt Langford,43205331,OF,3900,TEX@STL 06/03/2026 07:45PM ET,TEX,6.45
2B,Luis Arraez (43205137),Luis Arraez,43205137,2B,3900,SF@MIL 06/03/2026 07:40PM ET,SF,7.62
3B/OF,Addison Barger (43205333),Addison Barger,43205333,3B/OF,3800,TOR@ATL 06/03/2026 07:15PM ET,TOR,2.56
OF,Blake Dunn (43205140),Blake Dunn,43205140,OF,3800,KC@CIN 06/03/2026 07:10PM ET,CIN,5.86
2B,Oswald Peraza (43205143),Oswald Peraza,43205143,2B,3800,COL@LAA 06/03/2026 09:38PM ET,LAA,6.07
1B,TJ Rumfield (43205144),TJ Rumfield,43205144,1B,3800,COL@LAA 06/03/2026 09:38PM ET,COL,7.02
3B,Josh Jung (43205141),Josh Jung,43205141,3B,3800,TEX@STL 06/03/2026 07:45PM ET,TEX,7.71
OF,Evan Carter (43205146),Evan Carter,43205146,OF,3800,TEX@STL 06/03/2026 07:45PM ET,TEX,5.91
SS,Willy Adames (43205145),Willy Adames,43205145,SS,3800,SF@MIL 06/03/2026 07:40PM ET,SF,6.97
3B,Zack Gelof (43205142),Zack Gelof,43205142,3B,3800,ATH@CHC 06/03/2026 08:05PM ET,ATH,6.73
3B,Kazuma Okamoto (43205147),Kazuma Okamoto,43205147,3B,3700,TOR@ATL 06/03/2026 07:15PM ET,TOR,7.29
OF,Jo Adell (43205148),Jo Adell,43205148,OF,3700,COL@LAA 06/03/2026 09:38PM ET,LAA,6.52
OF,Brenton Doyle (43205336),Brenton Doyle,43205336,OF,3700,COL@LAA 06/03/2026 09:38PM ET,COL,4.67
1B,Jake Burger (43205150),Jake Burger,43205150,1B,3700,TEX@STL 06/03/2026 07:45PM ET,TEX,7.19
C,Gary Sanchez (43205151),Gary Sanchez,43205151,C,3700,SF@MIL 06/03/2026 07:40PM ET,MIL,6.06
3B,Max Muncy (43205335),Max Muncy,43205335,3B,3700,ATH@CHC 06/03/2026 08:05PM ET,ATH,6.69
SS,Anthony Volpe (43205149),Anthony Volpe,43205149,SS,3700,CLE@NYY 06/03/2026 07:05PM ET,NYY,8.79
3B,Nolan Arenado (43205152),Nolan Arenado,43205152,3B,3600,LAD@ARI 06/03/2026 09:40PM ET,ARI,7.24
C,Gabriel Moreno (43205154),Gabriel Moreno,43205154,C,3600,LAD@ARI 06/03/2026 09:40PM ET,ARI,6.81
2B/SS,Ernie Clement (43205155),Ernie Clement,43205155,2B/SS,3600,TOR@ATL 06/03/2026 07:15PM ET,TOR,6.72
1B,Nathaniel Lowe (43205153),Nathaniel Lowe,43205153,1B,3600,KC@CIN 06/03/2026 07:10PM ET,CIN,6.68
OF,Jung Hoo Lee (43205157),Jung Hoo Lee,43205157,OF,3600,SF@MIL 06/03/2026 07:40PM ET,SF,6.64
SS,Jacob Wilson (43205337),Jacob Wilson,43205337,SS,3600,ATH@CHC 06/03/2026 08:05PM ET,ATH,6.97
OF,Dane Myers (43205160),Dane Myers,43205160,OF,3500,KC@CIN 06/03/2026 07:10PM ET,CIN,3.77
1B,Vinnie Pasquantino (43205161),Vinnie Pasquantino,43205161,1B,3500,KC@CIN 06/03/2026 07:10PM ET,KC,6.14
2B/SS,Matt McLain (43205165),Matt McLain,43205165,2B/SS,3500,KC@CIN 06/03/2026 07:10PM ET,CIN,5.97
1B,Spencer Horwitz (43205162),Spencer Horwitz,43205162,1B,3500,PIT@HOU 06/03/2026 08:10PM ET,PIT,6.95
2B/3B,Willi Castro (43205158),Willi Castro,43205158,2B/3B,3500,COL@LAA 06/03/2026 09:38PM ET,COL,6.35
C,Daniel Susac (43205164),Daniel Susac,43205164,C,3500,SF@MIL 06/03/2026 07:40PM ET,SF,5
OF,Heliot Ramos (43205338),Heliot Ramos,43205338,OF,3500,SF@MIL 06/03/2026 07:40PM ET,SF,6.52
OF,Michael Conforto (43205163),Michael Conforto,43205163,OF,3500,ATH@CHC 06/03/2026 08:05PM ET,CHC,4.92
OF,Jasson Dominguez (43205339),Jasson Dominguez,43205339,OF,3500,CLE@NYY 06/03/2026 07:05PM ET,NYY,5.22
2B,Tommy Edman (43205342),Tommy Edman,43205342,2B,3400,LAD@ARI 06/03/2026 09:40PM ET,LAD,0
SS,Andres Gimenez (43205168),Andres Gimenez,43205168,SS,3400,TOR@ATL 06/03/2026 07:15PM ET,TOR,5.64
C,Carter Jensen (43205173),Carter Jensen,43205173,C,3400,KC@CIN 06/03/2026 07:10PM ET,KC,5.79
3B,Nick Gonzales (43205167),Nick Gonzales,43205167,3B,3400,PIT@HOU 06/03/2026 08:10PM ET,PIT,6.86
1B/3B,Vaughn Grissom (43205171),Vaughn Grissom,43205171,1B/3B,3400,COL@LAA 06/03/2026 09:38PM ET,LAA,6.15
OF,Lars Nootbaar (43205340),Lars Nootbaar,43205340,OF,3400,TEX@STL 06/03/2026 07:45PM ET,STL,0
OF,Sal Frelick (43205170),Sal Frelick,43205170,OF,3400,SF@MIL 06/03/2026 07:40PM ET,MIL,5.46
SS,Dansby Swanson (43205169),Dansby Swanson,43205169,SS,3400,ATH@CHC 06/03/2026 08:05PM ET,CHC,6.52
OF,Colby Thomas (43205174),Colby Thomas,43205174,OF,3400,ATH@CHC 06/03/2026 08:05PM ET,ATH,3.5
OF,Steven Kwan (43205341),Steven Kwan,43205341,OF,3400,CLE@NYY 06/03/2026 07:05PM ET,CLE,5.58
1B/3B,Jose Fernandez (43205186),Jose Fernandez,43205186,1B/3B,3300,LAD@ARI 06/03/2026 09:40PM ET,ARI,5.24
3B/OF,Kike Hernandez (43205344),Kike Hernandez,43205344,3B/OF,3300,LAD@ARI 06/03/2026 09:40PM ET,LAD,15.5
OF,Mike Yastrzemski (43205178),Mike Yastrzemski,43205178,OF,3300,TOR@ATL 06/03/2026 07:15PM ET,ATL,5.14
OF,Jesus Sanchez (43205180),Jesus Sanchez,43205180,OF,3300,TOR@ATL 06/03/2026 07:15PM ET,TOR,5.67
C,Salvador Perez (43205188),Salvador Perez,43205188,C,3300,KC@CIN 06/03/2026 07:10PM ET,KC,5.88
OF,Jake Mangum (43205179),Jake Mangum,43205179,OF,3300,PIT@HOU 06/03/2026 08:10PM ET,PIT,5.62
C,Yainer Diaz (43205346),Yainer Diaz,43205346,C,3300,PIT@HOU 06/03/2026 08:10PM ET,HOU,5.65
SS,Ezequiel Tovar (43205175),Ezequiel Tovar,43205175,SS,3300,COL@LAA 06/03/2026 09:38PM ET,COL,5.13
OF,Jake McCarthy (43205181),Jake McCarthy,43205181,OF,3300,COL@LAA 06/03/2026 09:38PM ET,COL,7.12
1B/2B,Edouard Julien (43205184),Edouard Julien,43205184,1B/2B,3300,COL@LAA 06/03/2026 09:38PM ET,COL,4.78
1B,Joc Pederson (43205176),Joc Pederson,43205176,1B,3300,TEX@STL 06/03/2026 07:45PM ET,TEX,5.82
OF,Andrew McCutchen (43205343),Andrew McCutchen,43205343,OF,3300,TEX@STL 06/03/2026 07:45PM ET,TEX,2.62
3B/SS,David Hamilton (43205182),David Hamilton,43205182,3B/SS,3300,SF@MIL 06/03/2026 07:40PM ET,MIL,5.94
C,Moises Ballesteros (43205177),Moises Ballesteros,43205177,C,3300,ATH@CHC 06/03/2026 08:05PM ET,CHC,4.94
OF,Ryan Waldschmidt (43205197),Ryan Waldschmidt,43205197,OF,3200,LAD@ARI 06/03/2026 09:40PM ET,ARI,6.54
OF,Lourdes Gurriel Jr. (43205348),Lourdes Gurriel Jr.,43205348,OF,3200,LAD@ARI 06/03/2026 09:40PM ET,ARI,5.4
OF/SS,Mauricio Dubon (43205189),Mauricio Dubon,43205189,SS/OF,3200,TOR@ATL 06/03/2026 07:15PM ET,ATL,6.09
C,Brandon Valenzuela (43205196),Brandon Valenzuela,43205196,C,3200,TOR@ATL 06/03/2026 07:15PM ET,TOR,4.74
OF,Wade Meckler (43205198),Wade Meckler,43205198,OF,3200,COL@LAA 06/03/2026 09:38PM ET,LAA,8
1B,Blaine Crim (43205347),Blaine Crim,43205347,1B,3200,TEX@STL 06/03/2026 07:45PM ET,TEX,0
3B,Matt Chapman (43205191),Matt Chapman,43205191,3B,3200,SF@MIL 06/03/2026 07:40PM ET,SF,5.87
OF,Henry Bolte (43205192),Henry Bolte,43205192,OF,3200,ATH@CHC 06/03/2026 08:05PM ET,ATH,5.78
C,Carson Kelly (43205193),Carson Kelly,43205193,C,3200,ATH@CHC 06/03/2026 08:05PM ET,CHC,5.67
3B/SS,Jose Caballero (43205194),Jose Caballero,43205194,3B/SS,3200,CLE@NYY 06/03/2026 07:05PM ET,NYY,6.84
2B/OF,Max Schuemann (43205199),Max Schuemann,43205199,2B/OF,3200,CLE@NYY 06/03/2026 07:05PM ET,NYY,5
C,Sean Murphy (43205349),Sean Murphy,43205349,C,3100,TOR@ATL 06/03/2026 07:15PM ET,ATL,1.25
2B,Jonathan India (43205353),Jonathan India,43205353,2B,3100,KC@CIN 06/03/2026 07:10PM ET,KC,5.41
3B,Isaac Paredes (43205202),Isaac Paredes,43205202,3B,3100,PIT@HOU 06/03/2026 08:10PM ET,HOU,6.23
C,Endy Rodriguez (43205204),Endy Rodriguez,43205204,C,3100,PIT@HOU 06/03/2026 08:10PM ET,PIT,8.73
OF,Joey Loperfido (43205354),Joey Loperfido,43205354,OF,3100,PIT@HOU 06/03/2026 08:10PM ET,HOU,5
1B,Nolan Schanuel (43205352),Nolan Schanuel,43205352,1B,3100,COL@LAA 06/03/2026 09:38PM ET,LAA,6.39
2B,Justin Foscue (43205205),Justin Foscue,43205205,2B,3100,TEX@STL 06/03/2026 07:45PM ET,TEX,4.48
3B,Ramon Urias (43205351),Ramon Urias,43205351,3B,3100,TEX@STL 06/03/2026 07:45PM ET,STL,3.8
C,Eric Haase (43205206),Eric Haase,43205206,C,3100,SF@MIL 06/03/2026 07:40PM ET,SF,6.38
OF,Harrison Bader (43205350),Harrison Bader,43205350,OF,3100,SF@MIL 06/03/2026 07:40PM ET,SF,5.17
OF,Lawrence Butler (43205203),Lawrence Butler,43205203,OF,3100,ATH@CHC 06/03/2026 08:05PM ET,ATH,4.06
SS,Brayan Rocchio (43205201),Brayan Rocchio,43205201,SS,3100,CLE@NYY 06/03/2026 07:05PM ET,CLE,7.39
OF,Alex Call (43205219),Alex Call,43205219,OF,3000,LAD@ARI 06/03/2026 09:40PM ET,LAD,4.6
SS,Jorge Mateo (43205207),Jorge Mateo,43205207,SS,3000,TOR@ATL 06/03/2026 07:15PM ET,ATL,5.84
2B,Charles McAdoo (43205218),Charles McAdoo,43205218,2B,3000,TOR@ATL 06/03/2026 07:15PM ET,TOR,9.5
OF,Jac Caglianone (43205211),Jac Caglianone,43205211,OF,3000,KC@CIN 06/03/2026 07:10PM ET,KC,5.62
C,Tyler Stephenson (43205212),Tyler Stephenson,43205212,C,3000,KC@CIN 06/03/2026 07:10PM ET,CIN,4.62
OF,Marcell Ozuna (43205213),Marcell Ozuna,43205213,OF,3000,PIT@HOU 06/03/2026 08:10PM ET,PIT,5.46
3B/OF,Shay Whitcomb (43205358),Shay Whitcomb,43205358,3B/OF,3000,PIT@HOU 06/03/2026 08:10PM ET,HOU,1.79
OF,Tyler Freeman (43205217),Tyler Freeman,43205217,OF,3000,COL@LAA 06/03/2026 09:38PM ET,COL,6.3
2B,Christian Moore (43205356),Christian Moore,43205356,2B,3000,COL@LAA 06/03/2026 09:38PM ET,LAA,0
C,Kyle Higashioka (43205210),Kyle Higashioka,43205210,C,3000,TEX@STL 06/03/2026 07:45PM ET,TEX,5.1
OF,Nathan Church (43205355),Nathan Church,43205355,OF,3000,TEX@STL 06/03/2026 07:45PM ET,STL,5.8
OF,Brandon Lockridge (43205357),Brandon Lockridge,43205357,OF,3000,SF@MIL 06/03/2026 07:40PM ET,MIL,6.07
2B,Jeff McNeil (43205209),Jeff McNeil,43205209,2B,3000,ATH@CHC 06/03/2026 08:05PM ET,ATH,4.91
C,Miguel Amaya (43205214),Miguel Amaya,43205214,C,3000,ATH@CHC 06/03/2026 08:05PM ET,CHC,4.68
1B,Rhys Hoskins (43205208),Rhys Hoskins,43205208,1B,3000,CLE@NYY 06/03/2026 07:05PM ET,CLE,5.85
3B/OF,Daniel Schneemann (43205215),Daniel Schneemann,43205215,3B/OF,3000,CLE@NYY 06/03/2026 07:05PM ET,CLE,5.84
C,Adrian Del Castillo (43205222),Adrian Del Castillo,43205222,C,2900,LAD@ARI 06/03/2026 09:40PM ET,ARI,5
1B,Pavin Smith (43205223),Pavin Smith,43205223,1B,2900,LAD@ARI 06/03/2026 09:40PM ET,ARI,3.75
2B,Alex Freeland (43205228),Alex Freeland,43205228,2B,2900,LAD@ARI 06/03/2026 09:40PM ET,LAD,4.84
C,Christian Vazquez (43205221),Christian Vazquez,43205221,C,2900,PIT@HOU 06/03/2026 08:10PM ET,HOU,5.02
2B/OF,Brice Matthews (43205229),Brice Matthews,43205229,2B/OF,2900,PIT@HOU 06/03/2026 08:10PM ET,HOU,4.42
C,Braxton Fulford (43205227),Braxton Fulford,43205227,C,2900,COL@LAA 06/03/2026 09:38PM ET,COL,3.92
SS,Masyn Winn (43205220),Masyn Winn,43205220,SS,2900,TEX@STL 06/03/2026 07:45PM ET,STL,6.34
3B,Nolan Gorman (43205224),Nolan Gorman,43205224,3B,2900,TEX@STL 06/03/2026 07:45PM ET,STL,5.40
OF,Drew Gilbert (43205225),Drew Gilbert,43205225,OF,2900,SF@MIL 06/03/2026 07:40PM ET,SF,4.38
OF,David Fry (43205226),David Fry,43205226,OF,2900,CLE@NYY 06/03/2026 07:05PM ET,CLE,4.27
3B,Oswaldo Cabrera (43205360),Oswaldo Cabrera,43205360,3B,2900,CLE@NYY 06/03/2026 07:05PM ET,NYY,0
OF,Nathan Lukes (43205236),Nathan Lukes,43205236,OF,2800,TOR@ATL 06/03/2026 07:15PM ET,TOR,4.89
OF,Anthony Santander (43205361),Anthony Santander,43205361,OF,2800,TOR@ATL 06/03/2026 07:15PM ET,TOR,0
OF,TJ Friedl (43205235),TJ Friedl,43205235,OF,2800,KC@CIN 06/03/2026 07:10PM ET,CIN,4.57
2B/3B,Braden Shewmake (43205237),Braden Shewmake,43205237,2B/3B,2800,PIT@HOU 06/03/2026 08:10PM ET,HOU,4.18
C,Logan O'Hoppe (43205231),Logan O'Hoppe,43205231,C,2800,COL@LAA 06/03/2026 09:38PM ET,LAA,4.56
2B,Adam Frazier (43205239),Adam Frazier,43205239,2B,2800,COL@LAA 06/03/2026 09:38PM ET,LAA,3.25
C,Danny Jansen (43205232),Danny Jansen,43205232,C,2800,TEX@STL 06/03/2026 07:45PM ET,TEX,4.58
OF,Bryan Torres (43205234),Bryan Torres,43205234,OF,2800,TEX@STL 06/03/2026 07:45PM ET,STL,6.12
3B,Luis Rengifo (43205240),Luis Rengifo,43205240,3B,2800,SF@MIL 06/03/2026 07:40PM ET,MIL,4.56
SS,Darell Hernaiz (43205233),Darell Hernaiz,43205233,SS,2800,ATH@CHC 06/03/2026 08:05PM ET,ATH,4.04
2B/SS,Miguel Rojas (43205248),Miguel Rojas,43205248,2B/SS,2700,LAD@ARI 06/03/2026 09:40PM ET,LAD,3.62
OF,Alek Thomas (43205365),Alek Thomas,43205365,OF,2700,LAD@ARI 06/03/2026 09:40PM ET,LAD,5.61
OF,Yohendrick Pinango (43205247),Yohendrick Pinango,43205247,OF,2700,TOR@ATL 06/03/2026 07:15PM ET,TOR,5.6
2B,Michael Massey (43205242),Michael Massey,43205242,2B,2700,KC@CIN 06/03/2026 07:10PM ET,KC,4.93
OF,Isaac Collins (43205243),Isaac Collins,43205243,OF,2700,KC@CIN 06/03/2026 07:10PM ET,KC,5.52
OF,Jake Meyers (43205251),Jake Meyers,43205251,OF,2700,PIT@HOU 06/03/2026 08:10PM ET,HOU,5
3B,Kyle Karros (43205250),Kyle Karros,43205250,3B,2700,COL@LAA 06/03/2026 09:38PM ET,COL,5.24
2B/3B,Donovan Walton (43205252),Donovan Walton,43205252,2B/3B,2700,COL@LAA 06/03/2026 09:38PM ET,LAA,5.6
OF,Jordan Beck (43205364),Jordan Beck,43205364,OF,2700,COL@LAA 06/03/2026 09:38PM ET,COL,4.03
OF,Alejandro Osuna (43205245),Alejandro Osuna,43205245,OF,2700,TEX@STL 06/03/2026 07:45PM ET,TEX,4.44
OF,Dairon Blanco (43205362),Dairon Blanco,43205362,OF,2700,TEX@STL 06/03/2026 07:45PM ET,TEX,0
OF,Tyler Black (43205366),Tyler Black,43205366,OF,2700,SF@MIL 06/03/2026 07:40PM ET,MIL,6.11
C,Austin Hedges (43205241),Austin Hedges,43205241,C,2700,CLE@NYY 06/03/2026 07:05PM ET,CLE,4.41
C,Austin Wells (43205244),Austin Wells,43205244,C,2700,CLE@NYY 06/03/2026 07:05PM ET,NYY,4.27
OF,Petey Halpin (43205246),Petey Halpin,43205246,OF,2700,CLE@NYY 06/03/2026 07:05PM ET,CLE,2.06
SS,Gabriel Arias (43205363),Gabriel Arias,43205363,SS,2700,CLE@NYY 06/03/2026 07:05PM ET,CLE,5
OF,Myles Straw (43205256),Myles Straw,43205256,OF,2600,TOR@ATL 06/03/2026 07:15PM ET,TOR,3.10
C,Chadwick Tromp (43205259),Chadwick Tromp,43205259,C,2600,TOR@ATL 06/03/2026 07:15PM ET,ATL,2.27
C,Maverick Handley (43205367),Maverick Handley,43205367,C,2600,TOR@ATL 06/03/2026 07:15PM ET,ATL,0
OF,Cam Smith (43205258),Cam Smith,43205258,OF,2600,PIT@HOU 06/03/2026 08:10PM ET,HOU,6.18
OF,Jose Siri (43205257),Jose Siri,43205257,OF,2600,COL@LAA 06/03/2026 09:38PM ET,LAA,4.47
C,Pedro Pages (43205254),Pedro Pages,43205254,C,2600,TEX@STL 06/03/2026 07:45PM ET,STL,4.73
C,Yohel Pozo (43205368),Yohel Pozo,43205368,C,2600,TEX@STL 06/03/2026 07:45PM ET,STL,2
3B,Ryan McMahon (43205255),Ryan McMahon,43205255,3B,2600,CLE@NYY 06/03/2026 07:05PM ET,NYY,4.67
2B,Hyeseong Kim (43205369),Hyeseong Kim,43205369,2B,2500,LAD@ARI 06/03/2026 09:40PM ET,LAD,4.91
1B,Carlos Santana (43205370),Carlos Santana,43205370,1B,2500,LAD@ARI 06/03/2026 09:40PM ET,ARI,1.75
C,Henry Davis (43205260),Henry Davis,43205260,C,2500,PIT@HOU 06/03/2026 08:10PM ET,PIT,4.02
OF,Taylor Trammell (43205267),Taylor Trammell,43205267,OF,2500,PIT@HOU 06/03/2026 08:10PM ET,HOU,5.88
OF,Rhylan Thomas (43205371),Rhylan Thomas,43205371,OF,2500,PIT@HOU 06/03/2026 08:10PM ET,HOU,0
C,Brett Sullivan (43205266),Brett Sullivan,43205266,C,2500,COL@LAA 06/03/2026 09:38PM ET,COL,3.43
3B/OF,Jose Fermin (43205261),Jose Fermin,43205261,3B/OF,2500,TEX@STL 06/03/2026 07:45PM ET,STL,3.34
OF,Michael Helman (43205264),Michael Helman,43205264,OF,2500,TEX@STL 06/03/2026 07:45PM ET,TEX,2.22
2B/3B,Nicky Lopez (43205269),Nicky Lopez,43205269,2B/3B,2500,TEX@STL 06/03/2026 07:45PM ET,TEX,4.18
1B,Bryce Eldridge (43205263),Bryce Eldridge,43205263,1B,2500,SF@MIL 06/03/2026 07:40PM ET,SF,6
OF,Blake Perkins (43205268),Blake Perkins,43205268,OF,2500,SF@MIL 06/03/2026 07:40PM ET,MIL,2.18
2B,Pedro Ramirez (43205265),Pedro Ramirez,43205265,2B,2500,ATH@CHC 06/03/2026 08:05PM ET,CHC,2.8
OF,Ryan Ward (43205279),Ryan Ward,43205279,OF,2400,LAD@ARI 06/03/2026 09:40PM ET,LAD,5.5
3B/OF,Jordan Lawlar (43205374),Jordan Lawlar,43205374,3B/OF,2400,LAD@ARI 06/03/2026 09:40PM ET,ARI,7.67
OF,Eli White (43205277),Eli White,43205277,OF,2400,TOR@ATL 06/03/2026 07:15PM ET,ATL,3.73
C,P.J. Higgins (43205272),P.J. Higgins,43205272,C,2400,KC@CIN 06/03/2026 07:10PM ET,CIN,3.4
2B/3B,Nick Loftin (43205273),Nick Loftin,43205273,2B/3B,2400,KC@CIN 06/03/2026 07:10PM ET,KC,4.79
OF,Kyle Isbel (43205278),Kyle Isbel,43205278,OF,2400,KC@CIN 06/03/2026 07:10PM ET,KC,4.84
OF,Kameron Misner (43205373),Kameron Misner,43205373,OF,2400,KC@CIN 06/03/2026 07:10PM ET,KC,0
OF,Jhostynxon Garcia (43205276),Jhostynxon Garcia,43205276,OF,2400,PIT@HOU 06/03/2026 08:10PM ET,PIT,2.4
OF,Zach Cole (43205376),Zach Cole,43205376,OF,2400,PIT@HOU 06/03/2026 08:10PM ET,HOU,4.06
OF,Sterlin Thompson (43205280),Sterlin Thompson,43205280,OF,2400,COL@LAA 06/03/2026 09:38PM ET,COL,3.57
SS,Joey Ortiz (43205281),Joey Ortiz,43205281,SS,2400,SF@MIL 06/03/2026 07:40PM ET,MIL,3.92
C,J.C. Escarra (43205271),J.C. Escarra,43205271,C,2400,CLE@NYY 06/03/2026 07:05PM ET,NYY,3.71
1B,Kyle Manzardo (43205275),Kyle Manzardo,43205275,1B,2400,CLE@NYY 06/03/2026 07:05PM ET,CLE,5.43
OF,George Valera (43205372),George Valera,43205372,OF,2400,CLE@NYY 06/03/2026 07:05PM ET,CLE,3.54
OF,Jorge Barrosa (43205288),Jorge Barrosa,43205288,OF,2300,LAD@ARI 06/03/2026 09:40PM ET,ARI,3.07
2B/OF,Tyler Fitzgerald (43205385),Tyler Fitzgerald,43205385,2B/OF,2300,LAD@ARI 06/03/2026 09:40PM ET,LAD,0
OF,Tim Tawa (43205387),Tim Tawa,43205387,OF,2300,LAD@ARI 06/03/2026 09:40PM ET,ARI,2.93
1B/2B,Lenyn Sosa (43205382),Lenyn Sosa,43205382,1B/2B,2300,TOR@ATL 06/03/2026 07:15PM ET,TOR,3.28
OF,Lane Thomas (43205287),Lane Thomas,43205287,OF,2300,KC@CIN 06/03/2026 07:10PM ET,KC,4.32
OF,Will Benson (43205289),Will Benson,43205289,OF,2300,KC@CIN 06/03/2026 07:10PM ET,CIN,3.4
OF,Noelvi Marte (43205384),Noelvi Marte,43205384,OF,2300,KC@CIN 06/03/2026 07:10PM ET,CIN,2.27
2B/SS,Nick Allen (43205284),Nick Allen,43205284,2B/SS,2300,PIT@HOU 06/03/2026 08:10PM ET,HOU,2.84
OF,Esmerlyn Valdez (43205380),Esmerlyn Valdez,43205380,OF,2300,PIT@HOU 06/03/2026 08:10PM ET,PIT,7.6
C,Sebastian Rivero (43205283),Sebastian Rivero,43205283,C,2300,COL@LAA 06/03/2026 09:38PM ET,LAA,1.64
2B/3B,Nick Madrigal (43205290),Nick Madrigal,43205290,2B/3B,2300,COL@LAA 06/03/2026 09:38PM ET,LAA,1.6
3B,Yoan Moncada (43205379),Yoan Moncada,43205379,3B,2300,COL@LAA 06/03/2026 09:38PM ET,LAA,4.20
OF,Victor Scott II (43205286),Victor Scott II,43205286,OF,2300,TEX@STL 06/03/2026 07:45PM ET,STL,3.81
C/OF,Jesus Rodriguez (43205377),Jesus Rodriguez,43205377,C/OF,2300,SF@MIL 06/03/2026 07:40PM ET,SF,5.29
C,Jonah Heim (43205282),Jonah Heim,43205282,C,2300,ATH@CHC 06/03/2026 08:05PM ET,ATH,5.54
2B,Juan Brito (43205381),Juan Brito,43205381,2B,2300,CLE@NYY 06/03/2026 07:05PM ET,CLE,4.33
2B/3B,Santiago Espinal (43205297),Santiago Espinal,43205297,2B/3B,2200,LAD@ARI 06/03/2026 09:40PM ET,LAD,2.14
OF,Tommy Troy (43205300),Tommy Troy,43205300,OF,2200,LAD@ARI 06/03/2026 09:40PM ET,ARI,6.33
C,Aramis Garcia (43205301),Aramis Garcia,43205301,C,2200,LAD@ARI 06/03/2026 09:40PM ET,ARI,1.67
SS,Ha-Seong Kim (43205292),Ha-Seong Kim,43205292,SS,2200,TOR@ATL 06/03/2026 07:15PM ET,ATL,3
OF,Starling Marte (43205293),Starling Marte,43205293,OF,2200,KC@CIN 06/03/2026 07:10PM ET,KC,3
2B,Edwin Arroyo (43205296),Edwin Arroyo,43205296,2B,2200,KC@CIN 06/03/2026 07:10PM ET,CIN,2.5
OF,Zach Dezenzo (43205299),Zach Dezenzo,43205299,OF,2200,PIT@HOU 06/03/2026 08:10PM ET,HOU,3.2
OF,Josh Lowe (43205388),Josh Lowe,43205388,OF,2200,COL@LAA 06/03/2026 09:38PM ET,LAA,3.8
3B,Buddy Kennedy (43205294),Buddy Kennedy,43205294,3B,2200,SF@MIL 06/03/2026 07:40PM ET,SF,0
C,Patrick Bailey (43205295),Patrick Bailey,43205295,C,2200,CLE@NYY 06/03/2026 07:05PM ET,CLE,3.32
C,Tyler Heineman (43205309),Tyler Heineman,43205309,C,2100,TOR@ATL 06/03/2026 07:15PM ET,TOR,2.23
3B/SS,Jared Triolo (43205302),Jared Triolo,43205302,3B/SS,2100,PIT@HOU 06/03/2026 08:10PM ET,PIT,3.55
3B/OF,Thomas Saggese (43205304),Thomas Saggese,43205304,3B/OF,2100,TEX@STL 06/03/2026 07:45PM ET,STL,2.68
2B,Cody Freeman (43205306),Cody Freeman,43205306,2B,2100,TEX@STL 06/03/2026 07:45PM ET,TEX,0
OF,Nelson Velazquez (43205307),Nelson Velazquez,43205307,OF,2100,TEX@STL 06/03/2026 07:45PM ET,STL,7.75
C,Jimmy Crooks (43205310),Jimmy Crooks,43205310,C,2100,TEX@STL 06/03/2026 07:45PM ET,STL,4.33
OF,Victor Bericoto (43205308),Victor Bericoto,43205308,OF,2100,SF@MIL 06/03/2026 07:40PM ET,SF,0.86
3B/OF,Nick Senzel (43205405),Nick Senzel,43205405,3B/OF,2000,LAD@ARI 06/03/2026 09:40PM ET,LAD,0
1B,Tyler Locklear (43205432),Tyler Locklear,43205432,1B,2000,LAD@ARI 06/03/2026 09:40PM ET,ARI,0
C,James McCann (43205434),James McCann,43205434,C,2000,LAD@ARI 06/03/2026 09:40PM ET,ARI,2.82
C,Sandy Leon (43205317),Sandy Leon,43205317,C,2000,TOR@ATL 06/03/2026 07:15PM ET,ATL,0.46
SS,Jim Jarvis (43205390),Jim Jarvis,43205390,SS,2000,TOR@ATL 06/03/2026 07:15PM ET,ATL,1.5
3B,Nacho Alvarez Jr. (43205391),Nacho Alvarez Jr.,43205391,3B,2000,TOR@ATL 06/03/2026 07:15PM ET,ATL,0
1B/3B,Juan Yepez (43205411),Juan Yepez,43205411,1B/3B,2000,TOR@ATL 06/03/2026 07:15PM ET,TOR,0
OF,Jurickson Profar (43205421),Jurickson Profar,43205421,OF,2000,TOR@ATL 06/03/2026 07:15PM ET,ATL,0
C,Willie MacIver (43205426),Willie MacIver,43205426,C,2000,TOR@ATL 06/03/2026 07:15PM ET,TOR,0
OF,Jonatan Clase (43205429),Jonatan Clase,43205429,OF,2000,TOR@ATL 06/03/2026 07:15PM ET,TOR,0
2B/OF,Davis Schneider (43205445),Davis Schneider,43205445,2B/OF,2000,TOR@ATL 06/03/2026 07:15PM ET,TOR,3.18
1B/3B,Kyle Farmer (43205451),Kyle Farmer,43205451,1B/3B,2000,TOR@ATL 06/03/2026 07:15PM ET,ATL,2.4
OF,Tyler Tolbert (43205320),Tyler Tolbert,43205320,OF,2000,KC@CIN 06/03/2026 07:10PM ET,KC,2.23
OF,John Rave (43205396),John Rave,43205396,OF,2000,KC@CIN 06/03/2026 07:10PM ET,KC,0
SS,Leo Balcazar (43205409),Leo Balcazar,43205409,SS,2000,KC@CIN 06/03/2026 07:10PM ET,CIN,0
OF,Hector Rodriguez (43205418),Hector Rodriguez,43205418,OF,2000,KC@CIN 06/03/2026 07:10PM ET,CIN,0
3B,Ke'Bryan Hayes (43205435),Ke'Bryan Hayes,43205435,3B,2000,KC@CIN 06/03/2026 07:10PM ET,CIN,2.84
C,Jose Trevino (43205448),Jose Trevino,43205448,C,2000,KC@CIN 06/03/2026 07:10PM ET,CIN,1.71
C,Cesar Salazar (43205315),Cesar Salazar,43205315,C,2000,PIT@HOU 06/03/2026 08:10PM ET,HOU,1.44
OF,Tyler Callihan (43205319),Tyler Callihan,43205319,OF,2000,PIT@HOU 06/03/2026 08:10PM ET,PIT,4.33
SS,Jack Brannigan (43205407),Jack Brannigan,43205407,SS,2000,PIT@HOU 06/03/2026 08:10PM ET,PIT,0
SS,Carlos Correa (43205422),Carlos Correa,43205422,SS,2000,PIT@HOU 06/03/2026 08:10PM ET,HOU,8
C,Joey Bart (43205428),Joey Bart,43205428,C,2000,PIT@HOU 06/03/2026 08:10PM ET,PIT,4.62
1B/3B,Nick Yorke (43205439),Nick Yorke,43205439,1B/3B,2000,PIT@HOU 06/03/2026 08:10PM ET,PIT,3.70
OF,Billy Cook (43205443),Billy Cook,43205443,OF,2000,PIT@HOU 06/03/2026 08:10PM ET,PIT,1.16
1B,Rafael Flores (43205449),Rafael Flores,43205449,1B,2000,PIT@HOU 06/03/2026 08:10PM ET,PIT,0
OF,Daniel Johnson (43205458),Daniel Johnson,43205458,OF,2000,PIT@HOU 06/03/2026 08:10PM ET,HOU,1.75
2B/3B,Chad Stevens (43205311),Chad Stevens,43205311,2B/3B,2000,COL@LAA 06/03/2026 09:38PM ET,COL,1.7
2B/OF,Chris Taylor (43205398),Chris Taylor,43205398,2B/OF,2000,COL@LAA 06/03/2026 09:38PM ET,LAA,0
C,Travis d'Arnaud (43205400),Travis d'Arnaud,43205400,C,2000,COL@LAA 06/03/2026 09:38PM ET,LAA,4
SS,Denzer Guzman (43205401),Denzer Guzman,43205401,SS,2000,COL@LAA 06/03/2026 09:38PM ET,LAA,0
2B/3B,Anthony Rendon (43205414),Anthony Rendon,43205414,2B/3B,2000,COL@LAA 06/03/2026 09:38PM ET,LAA,0
3B/OF,Kris Bryant (43205424),Kris Bryant,43205424,3B/OF,2000,COL@LAA 06/03/2026 09:38PM ET,COL,0
OF,Kyren Paris (43205427),Kyren Paris,43205427,OF,2000,COL@LAA 06/03/2026 09:38PM ET,LAA,0
OF,Zac Veen (43205433),Zac Veen,43205433,OF,2000,COL@LAA 06/03/2026 09:38PM ET,COL,0
2B,Adael Amador (43205436),Adael Amador,43205436,2B,2000,COL@LAA 06/03/2026 09:38PM ET,COL,0
OF,Bryce Teodosio (43205444),Bryce Teodosio,43205444,OF,2000,COL@LAA 06/03/2026 09:38PM ET,LAA,2.18
C,Omar Martinez (43205455),Omar Martinez,43205455,C,2000,COL@LAA 06/03/2026 09:38PM ET,LAA,0.6
2B,Ryan Ritter (43205460),Ryan Ritter,43205460,2B,2000,COL@LAA 06/03/2026 09:38PM ET,COL,0.83
2B,Josh Smith (43205392),Josh Smith,43205392,2B,2000,TEX@STL 06/03/2026 07:45PM ET,TEX,4.13
OF,Sam Haggerty (43205393),Sam Haggerty,43205393,OF,2000,TEX@STL 06/03/2026 07:45PM ET,TEX,1.31
OF,Joshua Baez (43205403),Joshua Baez,43205403,OF,2000,TEX@STL 06/03/2026 07:45PM ET,STL,0
C,Leo Bernal (43205413),Leo Bernal,43205413,C,2000,TEX@STL 06/03/2026 07:45PM ET,STL,0
3B,Cesar Prieto (43205450),Cesar Prieto,43205450,3B,2000,TEX@STL 06/03/2026 07:45PM ET,STL,0
OF,Jonah Cox (43205316),Jonah Cox,43205316,OF,2000,SF@MIL 06/03/2026 07:40PM ET,SF,2.33
OF,Will Brennan (43205389),Will Brennan,43205389,OF,2000,SF@MIL 06/03/2026 07:40PM ET,SF,0.54
2B/SS,Christian Koss (43205394),Christian Koss,43205394,2B/SS,2000,SF@MIL 06/03/2026 07:40PM ET,SF,0.9
OF,Grant McCray (43205397),Grant McCray,43205397,OF,2000,SF@MIL 06/03/2026 07:40PM ET,SF,0
SS,Cooper Pratt (43205410),Cooper Pratt,43205410,SS,2000,SF@MIL 06/03/2026 07:40PM ET,MIL,0
C,Diego Cartaya (43205416),Diego Cartaya,43205416,C,2000,SF@MIL 06/03/2026 07:40PM ET,SF,0
OF,Akil Baddoo (43205423),Akil Baddoo,43205423,OF,2000,SF@MIL 06/03/2026 07:40PM ET,MIL,0
1B/OF,Jerar Encarnacion (43205453),Jerar Encarnacion,43205453,1B/OF,2000,SF@MIL 06/03/2026 07:40PM ET,SF,1.41
C,Jeferson Quero (43205456),Jeferson Quero,43205456,C,2000,SF@MIL 06/03/2026 07:40PM ET,MIL,2
OF,Jared Oliva (43205459),Jared Oliva,43205459,OF,2000,SF@MIL 06/03/2026 07:40PM ET,SF,1.43
2B,Alika Williams (43205314),Alika Williams,43205314,2B,2000,ATH@CHC 06/03/2026 08:05PM ET,ATH,0.5
OF,Kevin Alcantara (43205318),Kevin Alcantara,43205318,OF,2000,ATH@CHC 06/03/2026 08:05PM ET,CHC,0.71
2B,James Triantos (43205408),James Triantos,43205408,2B,2000,ATH@CHC 06/03/2026 08:05PM ET,CHC,0
1B/OF,Tyler Austin (43205419),Tyler Austin,43205419,1B/OF,2000,ATH@CHC 06/03/2026 08:05PM ET,CHC,0
2B/3B,Matt Shaw (43205437),Matt Shaw,43205437,2B/3B,2000,ATH@CHC 06/03/2026 08:05PM ET,CHC,4.17
3B,Brett Harris (43205441),Brett Harris,43205441,3B,2000,ATH@CHC 06/03/2026 08:05PM ET,ATH,0.8
OF,Denzel Clarke (43205442),Denzel Clarke,43205442,OF,2000,ATH@CHC 06/03/2026 08:05PM ET,ATH,3.04
OF,Justin Dean (43205457),Justin Dean,43205457,OF,2000,ATH@CHC 06/03/2026 08:05PM ET,CHC,0
OF,Stuart Fairchild (43205313),Stuart Fairchild,43205313,OF,2000,CLE@NYY 06/03/2026 07:05PM ET,CLE,0
C,Bo Naylor (43205402),Bo Naylor,43205402,C,2000,CLE@NYY 06/03/2026 07:05PM ET,CLE,3.14
SS,Angel Genao (43205404),Angel Genao,43205404,SS,2000,CLE@NYY 06/03/2026 07:05PM ET,CLE,0
SS,Kahlil Watson (43205417),Kahlil Watson,43205417,SS,2000,CLE@NYY 06/03/2026 07:05PM ET,CLE,0
1B/OF,CJ Kayfus (43205430),CJ Kayfus,43205430,1B/OF,2000,CLE@NYY 06/03/2026 07:05PM ET,CLE,4.33
OF,Spencer Jones (43205447),Spencer Jones,43205447,OF,2000,CLE@NYY 06/03/2026 07:05PM ET,NYY,2.7
